image_path,label,tampering_type,source_image
tampered_dataset/original/original_0000.png,0,none,00000001.png
tampered_dataset/original/original_0001.png,0,none,00000002.png
tampered_dataset/original/original_0002.png,0,none,00000003.png
tampered_dataset/original/original_0003.png,0,none,00000004.png
tampered_dataset/original/original_0004.png,0,none,00000005.png
tampered_dataset/original/original_0005.png,0,none,00000006.png
tampered_dataset/original/original_0006.png,0,none,00000007.png
tampered_dataset/original/original_0007.png,0,none,00000008.png
tampered_dataset/original/original_0008.png,0,none,00000009.png
tampered_dataset/original/original_0009.png,0,none,00000010.png
tampered_dataset/original/original_0010.png,0,none,00000011.png
tampered_dataset/original/original_0011.png,0,none,00000012.png
tampered_dataset/original/original_0012.png,0,none,00000013.png
tampered_dataset/original/original_0013.png,0,none,00000014.png
tampered_dataset/original/original_0014.png,0,none,00000015.png
tampered_dataset/original/original_0015.png,0,none,00000016.png
tampered_dataset/original/original_0016.png,0,none,00000017.png
tampered_dataset/original/original_0017.png,0,none,00000018.png
tampered_dataset/original/original_0018.png,0,none,00000019.png
tampered_dataset/original/original_0019.png,0,none,00000020.png
tampered_dataset/original/original_0020.png,0,none,00000021.png
tampered_dataset/original/original_0021.png,0,none,00000022.png
tampered_dataset/original/original_0022.png,0,none,00000023.png
tampered_dataset/original/original_0023.png,0,none,00000024.png
tampered_dataset/original/original_0024.png,0,none,00000025.png
tampered_dataset/original/original_0025.png,0,none,00000026.png
tampered_dataset/original/original_0026.png,0,none,00000027.png
tampered_dataset/original/original_0027.png,0,none,00000028.png
tampered_dataset/original/original_0028.png,0,none,00000029.png
tampered_dataset/original/original_0029.png,0,none,00000030.png
tampered_dataset/original/original_0030.png,0,none,00000031.png
tampered_dataset/original/original_0031.png,0,none,00000032.png
tampered_dataset/original/original_0032.png,0,none,00000033.png
tampered_dataset/original/original_0033.png,0,none,00000034.png
tampered_dataset/original/original_0034.png,0,none,00000035.png
tampered_dataset/original/original_0035.png,0,none,00000036.png
tampered_dataset/original/original_0036.png,0,none,00000037.png
tampered_dataset/original/original_0037.png,0,none,00000038.png
tampered_dataset/original/original_0038.png,0,none,00000039.png
tampered_dataset/original/original_0039.png,0,none,00000040.png
tampered_dataset/original/original_0040.png,0,none,00000041.png
tampered_dataset/original/original_0041.png,0,none,00000042.png
tampered_dataset/original/original_0042.png,0,none,00000043.png
tampered_dataset/original/original_0043.png,0,none,00000044.png
tampered_dataset/original/original_0044.png,0,none,00000045.png
tampered_dataset/original/original_0045.png,0,none,00000046.png
tampered_dataset/original/original_0046.png,0,none,00000047.png
tampered_dataset/original/original_0047.png,0,none,00000048.png
tampered_dataset/original/original_0048.png,0,none,00000049.png
tampered_dataset/original/original_0049.png,0,none,00000050.png
tampered_dataset/original/original_0050.png,0,none,00000051.png
tampered_dataset/original/original_0051.png,0,none,00000052.png
tampered_dataset/original/original_0052.png,0,none,00000053.png
tampered_dataset/original/original_0053.png,0,none,00000054.png
tampered_dataset/original/original_0054.png,0,none,00000055.png
tampered_dataset/original/original_0055.png,0,none,00000056.png
tampered_dataset/original/original_0056.png,0,none,00000057.png
tampered_dataset/original/original_0057.png,0,none,00000058.png
tampered_dataset/original/original_0058.png,0,none,00000059.png
tampered_dataset/original/original_0059.png,0,none,00000060.png
tampered_dataset/original/original_0060.png,0,none,00000061.png
tampered_dataset/original/original_0061.png,0,none,00000062.png
tampered_dataset/original/original_0062.png,0,none,00000063.png
tampered_dataset/original/original_0063.png,0,none,00000064.png
tampered_dataset/original/original_0064.png,0,none,00000065.png
tampered_dataset/original/original_0065.png,0,none,00000066.png
tampered_dataset/original/original_0066.png,0,none,00000067.png
tampered_dataset/original/original_0067.png,0,none,00000068.png
tampered_dataset/original/original_0068.png,0,none,00000069.png
tampered_dataset/original/original_0069.png,0,none,00000070.png
tampered_dataset/original/original_0070.png,0,none,00000071.png
tampered_dataset/original/original_0071.png,0,none,00000072.png
tampered_dataset/original/original_0072.png,0,none,00000073.png
tampered_dataset/original/original_0073.png,0,none,00000074.png
tampered_dataset/original/original_0074.png,0,none,00000075.png
tampered_dataset/original/original_0075.png,0,none,00000076.png
tampered_dataset/original/original_0076.png,0,none,00000077.png
tampered_dataset/original/original_0077.png,0,none,00000078.png
tampered_dataset/original/original_0078.png,0,none,00000079.png
tampered_dataset/original/original_0079.png,0,none,00000080.png
tampered_dataset/original/original_0080.png,0,none,00000081.png
tampered_dataset/original/original_0081.png,0,none,00000082.png
tampered_dataset/original/original_0082.png,0,none,00000083.png
tampered_dataset/original/original_0083.png,0,none,00000084.png
tampered_dataset/original/original_0084.png,0,none,00000085.png
tampered_dataset/original/original_0085.png,0,none,00000086.png
tampered_dataset/original/original_0086.png,0,none,00000087.png
tampered_dataset/original/original_0087.png,0,none,00000088.png
tampered_dataset/original/original_0088.png,0,none,00000089.png
tampered_dataset/original/original_0089.png,0,none,00000090.png
tampered_dataset/original/original_0090.png,0,none,00000091.png
tampered_dataset/original/original_0091.png,0,none,00000092.png
tampered_dataset/original/original_0092.png,0,none,00000093.png
tampered_dataset/original/original_0093.png,0,none,00000094.png
tampered_dataset/original/original_0094.png,0,none,00000095.png
tampered_dataset/original/original_0095.png,0,none,00000096.png
tampered_dataset/original/original_0096.png,0,none,00000097.png
tampered_dataset/original/original_0097.png,0,none,00000098.png
tampered_dataset/original/original_0098.png,0,none,00000099.png
tampered_dataset/original/original_0099.png,0,none,00000100.png
tampered_dataset/original/original_0100.png,0,none,00000101.png
tampered_dataset/original/original_0101.png,0,none,00000102.png
tampered_dataset/original/original_0102.png,0,none,00000103.png
tampered_dataset/original/original_0103.png,0,none,00000104.png
tampered_dataset/original/original_0104.png,0,none,00000105.png
tampered_dataset/original/original_0105.png,0,none,00000106.png
tampered_dataset/original/original_0106.png,0,none,00000107.png
tampered_dataset/original/original_0107.png,0,none,00000108.png
tampered_dataset/original/original_0108.png,0,none,00000109.png
tampered_dataset/original/original_0109.png,0,none,00000110.png
tampered_dataset/original/original_0110.png,0,none,00000111.png
tampered_dataset/original/original_0111.png,0,none,00000112.png
tampered_dataset/original/original_0112.png,0,none,00000113.png
tampered_dataset/original/original_0113.png,0,none,00000114.png
tampered_dataset/original/original_0114.png,0,none,00000115.png
tampered_dataset/original/original_0115.png,0,none,00000116.png
tampered_dataset/original/original_0116.png,0,none,00000117.png
tampered_dataset/original/original_0117.png,0,none,00000118.png
tampered_dataset/original/original_0118.png,0,none,00000119.png
tampered_dataset/original/original_0119.png,0,none,00000120.png
tampered_dataset/original/original_0120.png,0,none,00000121.png
tampered_dataset/original/original_0121.png,0,none,00000122.png
tampered_dataset/original/original_0122.png,0,none,00000123.png
tampered_dataset/original/original_0123.png,0,none,00000124.png
tampered_dataset/original/original_0124.png,0,none,00000125.png
tampered_dataset/original/original_0125.png,0,none,00000126.png
tampered_dataset/original/original_0126.png,0,none,00000127.png
tampered_dataset/original/original_0127.png,0,none,00000128.png
tampered_dataset/original/original_0128.png,0,none,00000129.png
tampered_dataset/original/original_0129.png,0,none,00000130.png
tampered_dataset/original/original_0130.png,0,none,00000131.png
tampered_dataset/original/original_0131.png,0,none,00000132.png
tampered_dataset/original/original_0132.png,0,none,00000133.png
tampered_dataset/original/original_0133.png,0,none,00000001.png
tampered_dataset/original/original_0134.png,0,none,00000002.png
tampered_dataset/original/original_0135.png,0,none,00000003.png
tampered_dataset/original/original_0136.png,0,none,00000004.png
tampered_dataset/original/original_0137.png,0,none,00000005.png
tampered_dataset/original/original_0138.png,0,none,00000006.png
tampered_dataset/original/original_0139.png,0,none,00000007.png
tampered_dataset/original/original_0140.png,0,none,00000008.png
tampered_dataset/original/original_0141.png,0,none,00000009.png
tampered_dataset/original/original_0142.png,0,none,00000010.png
tampered_dataset/original/original_0143.png,0,none,00000011.png
tampered_dataset/original/original_0144.png,0,none,00000012.png
tampered_dataset/original/original_0145.png,0,none,00000013.png
tampered_dataset/original/original_0146.png,0,none,00000014.png
tampered_dataset/original/original_0147.png,0,none,00000015.png
tampered_dataset/original/original_0148.png,0,none,00000016.png
tampered_dataset/original/original_0149.png,0,none,00000017.png
tampered_dataset/original/original_0150.png,0,none,00000018.png
tampered_dataset/original/original_0151.png,0,none,00000019.png
tampered_dataset/original/original_0152.png,0,none,00000020.png
tampered_dataset/original/original_0153.png,0,none,00000021.png
tampered_dataset/original/original_0154.png,0,none,00000022.png
tampered_dataset/original/original_0155.png,0,none,00000023.png
tampered_dataset/original/original_0156.png,0,none,00000024.png
tampered_dataset/original/original_0157.png,0,none,00000025.png
tampered_dataset/original/original_0158.png,0,none,00000026.png
tampered_dataset/original/original_0159.png,0,none,00000027.png
tampered_dataset/original/original_0160.png,0,none,00000028.png
tampered_dataset/original/original_0161.png,0,none,00000029.png
tampered_dataset/original/original_0162.png,0,none,00000030.png
tampered_dataset/original/original_0163.png,0,none,00000031.png
tampered_dataset/original/original_0164.png,0,none,00000032.png
tampered_dataset/original/original_0165.png,0,none,00000033.png
tampered_dataset/original/original_0166.png,0,none,00000034.png
tampered_dataset/original/original_0167.png,0,none,00000035.png
tampered_dataset/original/original_0168.png,0,none,00000036.png
tampered_dataset/original/original_0169.png,0,none,00000037.png
tampered_dataset/original/original_0170.png,0,none,00000038.png
tampered_dataset/original/original_0171.png,0,none,00000039.png
tampered_dataset/original/original_0172.png,0,none,00000040.png
tampered_dataset/original/original_0173.png,0,none,00000041.png
tampered_dataset/original/original_0174.png,0,none,00000042.png
tampered_dataset/original/original_0175.png,0,none,00000043.png
tampered_dataset/original/original_0176.png,0,none,00000044.png
tampered_dataset/original/original_0177.png,0,none,00000045.png
tampered_dataset/original/original_0178.png,0,none,00000046.png
tampered_dataset/original/original_0179.png,0,none,00000047.png
tampered_dataset/original/original_0180.png,0,none,00000048.png
tampered_dataset/original/original_0181.png,0,none,00000049.png
tampered_dataset/original/original_0182.png,0,none,00000050.png
tampered_dataset/original/original_0183.png,0,none,00000051.png
tampered_dataset/original/original_0184.png,0,none,00000052.png
tampered_dataset/original/original_0185.png,0,none,00000053.png
tampered_dataset/original/original_0186.png,0,none,00000054.png
tampered_dataset/original/original_0187.png,0,none,00000055.png
tampered_dataset/original/original_0188.png,0,none,00000056.png
tampered_dataset/original/original_0189.png,0,none,00000057.png
tampered_dataset/original/original_0190.png,0,none,00000058.png
tampered_dataset/original/original_0191.png,0,none,00000059.png
tampered_dataset/original/original_0192.png,0,none,00000060.png
tampered_dataset/original/original_0193.png,0,none,00000061.png
tampered_dataset/original/original_0194.png,0,none,00000062.png
tampered_dataset/original/original_0195.png,0,none,00000063.png
tampered_dataset/original/original_0196.png,0,none,00000064.png
tampered_dataset/original/original_0197.png,0,none,00000065.png
tampered_dataset/original/original_0198.png,0,none,00000066.png
tampered_dataset/original/original_0199.png,0,none,00000067.png
tampered_dataset/tampered/tampered_0000_insertion.png,1,insertion,00000001.png
tampered_dataset/tampered/tampered_0000_removal.png,1,removal,00000001.png
tampered_dataset/tampered/tampered_0000_intensity_modification.png,1,intensity_modification,00000001.png
tampered_dataset/tampered/tampered_0000_crop_rescale.png,1,crop_rescale,00000001.png
tampered_dataset/tampered/tampered_0000_copy_move.png,1,copy_move,00000001.png
tampered_dataset/tampered/tampered_0001_insertion.png,1,insertion,00000002.png
tampered_dataset/tampered/tampered_0001_removal.png,1,removal,00000002.png
tampered_dataset/tampered/tampered_0001_intensity_modification.png,1,intensity_modification,00000002.png
tampered_dataset/tampered/tampered_0001_crop_rescale.png,1,crop_rescale,00000002.png
tampered_dataset/tampered/tampered_0001_copy_move.png,1,copy_move,00000002.png
tampered_dataset/tampered/tampered_0002_insertion.png,1,insertion,00000003.png
tampered_dataset/tampered/tampered_0002_removal.png,1,removal,00000003.png
tampered_dataset/tampered/tampered_0002_intensity_modification.png,1,intensity_modification,00000003.png
tampered_dataset/tampered/tampered_0002_crop_rescale.png,1,crop_rescale,00000003.png
tampered_dataset/tampered/tampered_0002_copy_move.png,1,copy_move,00000003.png
tampered_dataset/tampered/tampered_0003_insertion.png,1,insertion,00000004.png
tampered_dataset/tampered/tampered_0003_removal.png,1,removal,00000004.png
tampered_dataset/tampered/tampered_0003_intensity_modification.png,1,intensity_modification,00000004.png
tampered_dataset/tampered/tampered_0003_crop_rescale.png,1,crop_rescale,00000004.png
tampered_dataset/tampered/tampered_0003_copy_move.png,1,copy_move,00000004.png
tampered_dataset/tampered/tampered_0004_insertion.png,1,insertion,00000005.png
tampered_dataset/tampered/tampered_0004_removal.png,1,removal,00000005.png
tampered_dataset/tampered/tampered_0004_intensity_modification.png,1,intensity_modification,00000005.png
tampered_dataset/tampered/tampered_0004_crop_rescale.png,1,crop_rescale,00000005.png
tampered_dataset/tampered/tampered_0004_copy_move.png,1,copy_move,00000005.png
tampered_dataset/tampered/tampered_0005_insertion.png,1,insertion,00000006.png
tampered_dataset/tampered/tampered_0005_removal.png,1,removal,00000006.png
tampered_dataset/tampered/tampered_0005_intensity_modification.png,1,intensity_modification,00000006.png
tampered_dataset/tampered/tampered_0005_crop_rescale.png,1,crop_rescale,00000006.png
tampered_dataset/tampered/tampered_0005_copy_move.png,1,copy_move,00000006.png
tampered_dataset/tampered/tampered_0006_insertion.png,1,insertion,00000007.png
tampered_dataset/tampered/tampered_0006_removal.png,1,removal,00000007.png
tampered_dataset/tampered/tampered_0006_intensity_modification.png,1,intensity_modification,00000007.png
tampered_dataset/tampered/tampered_0006_crop_rescale.png,1,crop_rescale,00000007.png
tampered_dataset/tampered/tampered_0006_copy_move.png,1,copy_move,00000007.png
tampered_dataset/tampered/tampered_0007_insertion.png,1,insertion,00000008.png
tampered_dataset/tampered/tampered_0007_removal.png,1,removal,00000008.png
tampered_dataset/tampered/tampered_0007_intensity_modification.png,1,intensity_modification,00000008.png
tampered_dataset/tampered/tampered_0007_crop_rescale.png,1,crop_rescale,00000008.png
tampered_dataset/tampered/tampered_0007_copy_move.png,1,copy_move,00000008.png
tampered_dataset/tampered/tampered_0008_insertion.png,1,insertion,00000009.png
tampered_dataset/tampered/tampered_0008_removal.png,1,removal,00000009.png
tampered_dataset/tampered/tampered_0008_intensity_modification.png,1,intensity_modification,00000009.png
tampered_dataset/tampered/tampered_0008_crop_rescale.png,1,crop_rescale,00000009.png
tampered_dataset/tampered/tampered_0008_copy_move.png,1,copy_move,00000009.png
tampered_dataset/tampered/tampered_0009_insertion.png,1,insertion,00000010.png
tampered_dataset/tampered/tampered_0009_removal.png,1,removal,00000010.png
tampered_dataset/tampered/tampered_0009_intensity_modification.png,1,intensity_modification,00000010.png
tampered_dataset/tampered/tampered_0009_crop_rescale.png,1,crop_rescale,00000010.png
tampered_dataset/tampered/tampered_0009_copy_move.png,1,copy_move,00000010.png
tampered_dataset/tampered/tampered_0010_insertion.png,1,insertion,00000011.png
tampered_dataset/tampered/tampered_0010_removal.png,1,removal,00000011.png
tampered_dataset/tampered/tampered_0010_intensity_modification.png,1,intensity_modification,00000011.png
tampered_dataset/tampered/tampered_0010_crop_rescale.png,1,crop_rescale,00000011.png
tampered_dataset/tampered/tampered_0010_copy_move.png,1,copy_move,00000011.png
tampered_dataset/tampered/tampered_0011_insertion.png,1,insertion,00000012.png
tampered_dataset/tampered/tampered_0011_removal.png,1,removal,00000012.png
tampered_dataset/tampered/tampered_0011_intensity_modification.png,1,intensity_modification,00000012.png
tampered_dataset/tampered/tampered_0011_crop_rescale.png,1,crop_rescale,00000012.png
tampered_dataset/tampered/tampered_0011_copy_move.png,1,copy_move,00000012.png
tampered_dataset/tampered/tampered_0012_insertion.png,1,insertion,00000013.png
tampered_dataset/tampered/tampered_0012_removal.png,1,removal,00000013.png
tampered_dataset/tampered/tampered_0012_intensity_modification.png,1,intensity_modification,00000013.png
tampered_dataset/tampered/tampered_0012_crop_rescale.png,1,crop_rescale,00000013.png
tampered_dataset/tampered/tampered_0012_copy_move.png,1,copy_move,00000013.png
tampered_dataset/tampered/tampered_0013_insertion.png,1,insertion,00000014.png
tampered_dataset/tampered/tampered_0013_removal.png,1,removal,00000014.png
tampered_dataset/tampered/tampered_0013_intensity_modification.png,1,intensity_modification,00000014.png
tampered_dataset/tampered/tampered_0013_crop_rescale.png,1,crop_rescale,00000014.png
tampered_dataset/tampered/tampered_0013_copy_move.png,1,copy_move,00000014.png
tampered_dataset/tampered/tampered_0014_insertion.png,1,insertion,00000015.png
tampered_dataset/tampered/tampered_0014_removal.png,1,removal,00000015.png
tampered_dataset/tampered/tampered_0014_intensity_modification.png,1,intensity_modification,00000015.png
tampered_dataset/tampered/tampered_0014_crop_rescale.png,1,crop_rescale,00000015.png
tampered_dataset/tampered/tampered_0014_copy_move.png,1,copy_move,00000015.png
tampered_dataset/tampered/tampered_0015_insertion.png,1,insertion,00000016.png
tampered_dataset/tampered/tampered_0015_removal.png,1,removal,00000016.png
tampered_dataset/tampered/tampered_0015_intensity_modification.png,1,intensity_modification,00000016.png
tampered_dataset/tampered/tampered_0015_crop_rescale.png,1,crop_rescale,00000016.png
tampered_dataset/tampered/tampered_0015_copy_move.png,1,copy_move,00000016.png
tampered_dataset/tampered/tampered_0016_insertion.png,1,insertion,00000017.png
tampered_dataset/tampered/tampered_0016_removal.png,1,removal,00000017.png
tampered_dataset/tampered/tampered_0016_intensity_modification.png,1,intensity_modification,00000017.png
tampered_dataset/tampered/tampered_0016_crop_rescale.png,1,crop_rescale,00000017.png
tampered_dataset/tampered/tampered_0016_copy_move.png,1,copy_move,00000017.png
tampered_dataset/tampered/tampered_0017_insertion.png,1,insertion,00000018.png
tampered_dataset/tampered/tampered_0017_removal.png,1,removal,00000018.png
tampered_dataset/tampered/tampered_0017_intensity_modification.png,1,intensity_modification,00000018.png
tampered_dataset/tampered/tampered_0017_crop_rescale.png,1,crop_rescale,00000018.png
tampered_dataset/tampered/tampered_0017_copy_move.png,1,copy_move,00000018.png
tampered_dataset/tampered/tampered_0018_insertion.png,1,insertion,00000019.png
tampered_dataset/tampered/tampered_0018_removal.png,1,removal,00000019.png
tampered_dataset/tampered/tampered_0018_intensity_modification.png,1,intensity_modification,00000019.png
tampered_dataset/tampered/tampered_0018_crop_rescale.png,1,crop_rescale,00000019.png
tampered_dataset/tampered/tampered_0018_copy_move.png,1,copy_move,00000019.png
tampered_dataset/tampered/tampered_0019_insertion.png,1,insertion,00000020.png
tampered_dataset/tampered/tampered_0019_removal.png,1,removal,00000020.png
tampered_dataset/tampered/tampered_0019_intensity_modification.png,1,intensity_modification,00000020.png
tampered_dataset/tampered/tampered_0019_crop_rescale.png,1,crop_rescale,00000020.png
tampered_dataset/tampered/tampered_0019_copy_move.png,1,copy_move,00000020.png
tampered_dataset/tampered/tampered_0020_insertion.png,1,insertion,00000021.png
tampered_dataset/tampered/tampered_0020_removal.png,1,removal,00000021.png
tampered_dataset/tampered/tampered_0020_intensity_modification.png,1,intensity_modification,00000021.png
tampered_dataset/tampered/tampered_0020_crop_rescale.png,1,crop_rescale,00000021.png
tampered_dataset/tampered/tampered_0020_copy_move.png,1,copy_move,00000021.png
tampered_dataset/tampered/tampered_0021_insertion.png,1,insertion,00000022.png
tampered_dataset/tampered/tampered_0021_removal.png,1,removal,00000022.png
tampered_dataset/tampered/tampered_0021_intensity_modification.png,1,intensity_modification,00000022.png
tampered_dataset/tampered/tampered_0021_crop_rescale.png,1,crop_rescale,00000022.png
tampered_dataset/tampered/tampered_0021_copy_move.png,1,copy_move,00000022.png
tampered_dataset/tampered/tampered_0022_insertion.png,1,insertion,00000023.png
tampered_dataset/tampered/tampered_0022_removal.png,1,removal,00000023.png
tampered_dataset/tampered/tampered_0022_intensity_modification.png,1,intensity_modification,00000023.png
tampered_dataset/tampered/tampered_0022_crop_rescale.png,1,crop_rescale,00000023.png
tampered_dataset/tampered/tampered_0022_copy_move.png,1,copy_move,00000023.png
tampered_dataset/tampered/tampered_0023_insertion.png,1,insertion,00000024.png
tampered_dataset/tampered/tampered_0023_removal.png,1,removal,00000024.png
tampered_dataset/tampered/tampered_0023_intensity_modification.png,1,intensity_modification,00000024.png
tampered_dataset/tampered/tampered_0023_crop_rescale.png,1,crop_rescale,00000024.png
tampered_dataset/tampered/tampered_0023_copy_move.png,1,copy_move,00000024.png
tampered_dataset/tampered/tampered_0024_insertion.png,1,insertion,00000025.png
tampered_dataset/tampered/tampered_0024_removal.png,1,removal,00000025.png
tampered_dataset/tampered/tampered_0024_intensity_modification.png,1,intensity_modification,00000025.png
tampered_dataset/tampered/tampered_0024_crop_rescale.png,1,crop_rescale,00000025.png
tampered_dataset/tampered/tampered_0024_copy_move.png,1,copy_move,00000025.png
tampered_dataset/tampered/tampered_0025_insertion.png,1,insertion,00000026.png
tampered_dataset/tampered/tampered_0025_removal.png,1,removal,00000026.png
tampered_dataset/tampered/tampered_0025_intensity_modification.png,1,intensity_modification,00000026.png
tampered_dataset/tampered/tampered_0025_crop_rescale.png,1,crop_rescale,00000026.png
tampered_dataset/tampered/tampered_0025_copy_move.png,1,copy_move,00000026.png
tampered_dataset/tampered/tampered_0026_insertion.png,1,insertion,00000027.png
tampered_dataset/tampered/tampered_0026_removal.png,1,removal,00000027.png
tampered_dataset/tampered/tampered_0026_intensity_modification.png,1,intensity_modification,00000027.png
tampered_dataset/tampered/tampered_0026_crop_rescale.png,1,crop_rescale,00000027.png
tampered_dataset/tampered/tampered_0026_copy_move.png,1,copy_move,00000027.png
tampered_dataset/tampered/tampered_0027_insertion.png,1,insertion,00000028.png
tampered_dataset/tampered/tampered_0027_removal.png,1,removal,00000028.png
tampered_dataset/tampered/tampered_0027_intensity_modification.png,1,intensity_modification,00000028.png
tampered_dataset/tampered/tampered_0027_crop_rescale.png,1,crop_rescale,00000028.png
tampered_dataset/tampered/tampered_0027_copy_move.png,1,copy_move,00000028.png
tampered_dataset/tampered/tampered_0028_insertion.png,1,insertion,00000029.png
tampered_dataset/tampered/tampered_0028_removal.png,1,removal,00000029.png
tampered_dataset/tampered/tampered_0028_intensity_modification.png,1,intensity_modification,00000029.png
tampered_dataset/tampered/tampered_0028_crop_rescale.png,1,crop_rescale,00000029.png
tampered_dataset/tampered/tampered_0028_copy_move.png,1,copy_move,00000029.png
tampered_dataset/tampered/tampered_0029_insertion.png,1,insertion,00000030.png
tampered_dataset/tampered/tampered_0029_removal.png,1,removal,00000030.png
tampered_dataset/tampered/tampered_0029_intensity_modification.png,1,intensity_modification,00000030.png
tampered_dataset/tampered/tampered_0029_crop_rescale.png,1,crop_rescale,00000030.png
tampered_dataset/tampered/tampered_0029_copy_move.png,1,copy_move,00000030.png
tampered_dataset/tampered/tampered_0030_insertion.png,1,insertion,00000031.png
tampered_dataset/tampered/tampered_0030_removal.png,1,removal,00000031.png
tampered_dataset/tampered/tampered_0030_intensity_modification.png,1,intensity_modification,00000031.png
tampered_dataset/tampered/tampered_0030_crop_rescale.png,1,crop_rescale,00000031.png
tampered_dataset/tampered/tampered_0030_copy_move.png,1,copy_move,00000031.png
tampered_dataset/tampered/tampered_0031_insertion.png,1,insertion,00000032.png
tampered_dataset/tampered/tampered_0031_removal.png,1,removal,00000032.png
tampered_dataset/tampered/tampered_0031_intensity_modification.png,1,intensity_modification,00000032.png
tampered_dataset/tampered/tampered_0031_crop_rescale.png,1,crop_rescale,00000032.png
tampered_dataset/tampered/tampered_0031_copy_move.png,1,copy_move,00000032.png
tampered_dataset/tampered/tampered_0032_insertion.png,1,insertion,00000033.png
tampered_dataset/tampered/tampered_0032_removal.png,1,removal,00000033.png
tampered_dataset/tampered/tampered_0032_intensity_modification.png,1,intensity_modification,00000033.png
tampered_dataset/tampered/tampered_0032_crop_rescale.png,1,crop_rescale,00000033.png
tampered_dataset/tampered/tampered_0032_copy_move.png,1,copy_move,00000033.png
tampered_dataset/tampered/tampered_0033_insertion.png,1,insertion,00000034.png
tampered_dataset/tampered/tampered_0033_removal.png,1,removal,00000034.png
tampered_dataset/tampered/tampered_0033_intensity_modification.png,1,intensity_modification,00000034.png
tampered_dataset/tampered/tampered_0033_crop_rescale.png,1,crop_rescale,00000034.png
tampered_dataset/tampered/tampered_0033_copy_move.png,1,copy_move,00000034.png
tampered_dataset/tampered/tampered_0034_insertion.png,1,insertion,00000035.png
tampered_dataset/tampered/tampered_0034_removal.png,1,removal,00000035.png
tampered_dataset/tampered/tampered_0034_intensity_modification.png,1,intensity_modification,00000035.png
tampered_dataset/tampered/tampered_0034_crop_rescale.png,1,crop_rescale,00000035.png
tampered_dataset/tampered/tampered_0034_copy_move.png,1,copy_move,00000035.png
tampered_dataset/tampered/tampered_0035_insertion.png,1,insertion,00000036.png
tampered_dataset/tampered/tampered_0035_removal.png,1,removal,00000036.png
tampered_dataset/tampered/tampered_0035_intensity_modification.png,1,intensity_modification,00000036.png
tampered_dataset/tampered/tampered_0035_crop_rescale.png,1,crop_rescale,00000036.png
tampered_dataset/tampered/tampered_0035_copy_move.png,1,copy_move,00000036.png
tampered_dataset/tampered/tampered_0036_insertion.png,1,insertion,00000037.png
tampered_dataset/tampered/tampered_0036_removal.png,1,removal,00000037.png
tampered_dataset/tampered/tampered_0036_intensity_modification.png,1,intensity_modification,00000037.png
tampered_dataset/tampered/tampered_0036_crop_rescale.png,1,crop_rescale,00000037.png
tampered_dataset/tampered/tampered_0036_copy_move.png,1,copy_move,00000037.png
tampered_dataset/tampered/tampered_0037_insertion.png,1,insertion,00000038.png
tampered_dataset/tampered/tampered_0037_removal.png,1,removal,00000038.png
tampered_dataset/tampered/tampered_0037_intensity_modification.png,1,intensity_modification,00000038.png
tampered_dataset/tampered/tampered_0037_crop_rescale.png,1,crop_rescale,00000038.png
tampered_dataset/tampered/tampered_0037_copy_move.png,1,copy_move,00000038.png
tampered_dataset/tampered/tampered_0038_insertion.png,1,insertion,00000039.png
tampered_dataset/tampered/tampered_0038_removal.png,1,removal,00000039.png
tampered_dataset/tampered/tampered_0038_intensity_modification.png,1,intensity_modification,00000039.png
tampered_dataset/tampered/tampered_0038_crop_rescale.png,1,crop_rescale,00000039.png
tampered_dataset/tampered/tampered_0038_copy_move.png,1,copy_move,00000039.png
tampered_dataset/tampered/tampered_0039_insertion.png,1,insertion,00000040.png
tampered_dataset/tampered/tampered_0039_removal.png,1,removal,00000040.png
tampered_dataset/tampered/tampered_0039_intensity_modification.png,1,intensity_modification,00000040.png
tampered_dataset/tampered/tampered_0039_crop_rescale.png,1,crop_rescale,00000040.png
tampered_dataset/tampered/tampered_0039_copy_move.png,1,copy_move,00000040.png
tampered_dataset/tampered/tampered_0040_insertion.png,1,insertion,00000041.png
tampered_dataset/tampered/tampered_0040_removal.png,1,removal,00000041.png
tampered_dataset/tampered/tampered_0040_intensity_modification.png,1,intensity_modification,00000041.png
tampered_dataset/tampered/tampered_0040_crop_rescale.png,1,crop_rescale,00000041.png
tampered_dataset/tampered/tampered_0040_copy_move.png,1,copy_move,00000041.png
tampered_dataset/tampered/tampered_0041_insertion.png,1,insertion,00000042.png
tampered_dataset/tampered/tampered_0041_removal.png,1,removal,00000042.png
tampered_dataset/tampered/tampered_0041_intensity_modification.png,1,intensity_modification,00000042.png
tampered_dataset/tampered/tampered_0041_crop_rescale.png,1,crop_rescale,00000042.png
tampered_dataset/tampered/tampered_0041_copy_move.png,1,copy_move,00000042.png
tampered_dataset/tampered/tampered_0042_insertion.png,1,insertion,00000043.png
tampered_dataset/tampered/tampered_0042_removal.png,1,removal,00000043.png
tampered_dataset/tampered/tampered_0042_intensity_modification.png,1,intensity_modification,00000043.png
tampered_dataset/tampered/tampered_0042_crop_rescale.png,1,crop_rescale,00000043.png
tampered_dataset/tampered/tampered_0042_copy_move.png,1,copy_move,00000043.png
tampered_dataset/tampered/tampered_0043_insertion.png,1,insertion,00000044.png
tampered_dataset/tampered/tampered_0043_removal.png,1,removal,00000044.png
tampered_dataset/tampered/tampered_0043_intensity_modification.png,1,intensity_modification,00000044.png
tampered_dataset/tampered/tampered_0043_crop_rescale.png,1,crop_rescale,00000044.png
tampered_dataset/tampered/tampered_0043_copy_move.png,1,copy_move,00000044.png
tampered_dataset/tampered/tampered_0044_insertion.png,1,insertion,00000045.png
tampered_dataset/tampered/tampered_0044_removal.png,1,removal,00000045.png
tampered_dataset/tampered/tampered_0044_intensity_modification.png,1,intensity_modification,00000045.png
tampered_dataset/tampered/tampered_0044_crop_rescale.png,1,crop_rescale,00000045.png
tampered_dataset/tampered/tampered_0044_copy_move.png,1,copy_move,00000045.png
tampered_dataset/tampered/tampered_0045_insertion.png,1,insertion,00000046.png
tampered_dataset/tampered/tampered_0045_removal.png,1,removal,00000046.png
tampered_dataset/tampered/tampered_0045_intensity_modification.png,1,intensity_modification,00000046.png
tampered_dataset/tampered/tampered_0045_crop_rescale.png,1,crop_rescale,00000046.png
tampered_dataset/tampered/tampered_0045_copy_move.png,1,copy_move,00000046.png
tampered_dataset/tampered/tampered_0046_insertion.png,1,insertion,00000047.png
tampered_dataset/tampered/tampered_0046_removal.png,1,removal,00000047.png
tampered_dataset/tampered/tampered_0046_intensity_modification.png,1,intensity_modification,00000047.png
tampered_dataset/tampered/tampered_0046_crop_rescale.png,1,crop_rescale,00000047.png
tampered_dataset/tampered/tampered_0046_copy_move.png,1,copy_move,00000047.png
tampered_dataset/tampered/tampered_0047_insertion.png,1,insertion,00000048.png
tampered_dataset/tampered/tampered_0047_removal.png,1,removal,00000048.png
tampered_dataset/tampered/tampered_0047_intensity_modification.png,1,intensity_modification,00000048.png
tampered_dataset/tampered/tampered_0047_crop_rescale.png,1,crop_rescale,00000048.png
tampered_dataset/tampered/tampered_0047_copy_move.png,1,copy_move,00000048.png
tampered_dataset/tampered/tampered_0048_insertion.png,1,insertion,00000049.png
tampered_dataset/tampered/tampered_0048_removal.png,1,removal,00000049.png
tampered_dataset/tampered/tampered_0048_intensity_modification.png,1,intensity_modification,00000049.png
tampered_dataset/tampered/tampered_0048_crop_rescale.png,1,crop_rescale,00000049.png
tampered_dataset/tampered/tampered_0048_copy_move.png,1,copy_move,00000049.png
tampered_dataset/tampered/tampered_0049_insertion.png,1,insertion,00000050.png
tampered_dataset/tampered/tampered_0049_removal.png,1,removal,00000050.png
tampered_dataset/tampered/tampered_0049_intensity_modification.png,1,intensity_modification,00000050.png
tampered_dataset/tampered/tampered_0049_crop_rescale.png,1,crop_rescale,00000050.png
tampered_dataset/tampered/tampered_0049_copy_move.png,1,copy_move,00000050.png
tampered_dataset/tampered/tampered_0050_insertion.png,1,insertion,00000051.png
tampered_dataset/tampered/tampered_0050_removal.png,1,removal,00000051.png
tampered_dataset/tampered/tampered_0050_intensity_modification.png,1,intensity_modification,00000051.png
tampered_dataset/tampered/tampered_0050_crop_rescale.png,1,crop_rescale,00000051.png
tampered_dataset/tampered/tampered_0050_copy_move.png,1,copy_move,00000051.png
tampered_dataset/tampered/tampered_0051_insertion.png,1,insertion,00000052.png
tampered_dataset/tampered/tampered_0051_removal.png,1,removal,00000052.png
tampered_dataset/tampered/tampered_0051_intensity_modification.png,1,intensity_modification,00000052.png
tampered_dataset/tampered/tampered_0051_crop_rescale.png,1,crop_rescale,00000052.png
tampered_dataset/tampered/tampered_0051_copy_move.png,1,copy_move,00000052.png
tampered_dataset/tampered/tampered_0052_insertion.png,1,insertion,00000053.png
tampered_dataset/tampered/tampered_0052_removal.png,1,removal,00000053.png
tampered_dataset/tampered/tampered_0052_intensity_modification.png,1,intensity_modification,00000053.png
tampered_dataset/tampered/tampered_0052_crop_rescale.png,1,crop_rescale,00000053.png
tampered_dataset/tampered/tampered_0052_copy_move.png,1,copy_move,00000053.png
tampered_dataset/tampered/tampered_0053_insertion.png,1,insertion,00000054.png
tampered_dataset/tampered/tampered_0053_removal.png,1,removal,00000054.png
tampered_dataset/tampered/tampered_0053_intensity_modification.png,1,intensity_modification,00000054.png
tampered_dataset/tampered/tampered_0053_crop_rescale.png,1,crop_rescale,00000054.png
tampered_dataset/tampered/tampered_0053_copy_move.png,1,copy_move,00000054.png
tampered_dataset/tampered/tampered_0054_insertion.png,1,insertion,00000055.png
tampered_dataset/tampered/tampered_0054_removal.png,1,removal,00000055.png
tampered_dataset/tampered/tampered_0054_intensity_modification.png,1,intensity_modification,00000055.png
tampered_dataset/tampered/tampered_0054_crop_rescale.png,1,crop_rescale,00000055.png
tampered_dataset/tampered/tampered_0054_copy_move.png,1,copy_move,00000055.png
tampered_dataset/tampered/tampered_0055_insertion.png,1,insertion,00000056.png
tampered_dataset/tampered/tampered_0055_removal.png,1,removal,00000056.png
tampered_dataset/tampered/tampered_0055_intensity_modification.png,1,intensity_modification,00000056.png
tampered_dataset/tampered/tampered_0055_crop_rescale.png,1,crop_rescale,00000056.png
tampered_dataset/tampered/tampered_0055_copy_move.png,1,copy_move,00000056.png
tampered_dataset/tampered/tampered_0056_insertion.png,1,insertion,00000057.png
tampered_dataset/tampered/tampered_0056_removal.png,1,removal,00000057.png
tampered_dataset/tampered/tampered_0056_intensity_modification.png,1,intensity_modification,00000057.png
tampered_dataset/tampered/tampered_0056_crop_rescale.png,1,crop_rescale,00000057.png
tampered_dataset/tampered/tampered_0056_copy_move.png,1,copy_move,00000057.png
tampered_dataset/tampered/tampered_0057_insertion.png,1,insertion,00000058.png
tampered_dataset/tampered/tampered_0057_removal.png,1,removal,00000058.png
tampered_dataset/tampered/tampered_0057_intensity_modification.png,1,intensity_modification,00000058.png
tampered_dataset/tampered/tampered_0057_crop_rescale.png,1,crop_rescale,00000058.png
tampered_dataset/tampered/tampered_0057_copy_move.png,1,copy_move,00000058.png
tampered_dataset/tampered/tampered_0058_insertion.png,1,insertion,00000059.png
tampered_dataset/tampered/tampered_0058_removal.png,1,removal,00000059.png
tampered_dataset/tampered/tampered_0058_intensity_modification.png,1,intensity_modification,00000059.png
tampered_dataset/tampered/tampered_0058_crop_rescale.png,1,crop_rescale,00000059.png
tampered_dataset/tampered/tampered_0058_copy_move.png,1,copy_move,00000059.png
tampered_dataset/tampered/tampered_0059_insertion.png,1,insertion,00000060.png
tampered_dataset/tampered/tampered_0059_removal.png,1,removal,00000060.png
tampered_dataset/tampered/tampered_0059_intensity_modification.png,1,intensity_modification,00000060.png
tampered_dataset/tampered/tampered_0059_crop_rescale.png,1,crop_rescale,00000060.png
tampered_dataset/tampered/tampered_0059_copy_move.png,1,copy_move,00000060.png
tampered_dataset/tampered/tampered_0060_insertion.png,1,insertion,00000061.png
tampered_dataset/tampered/tampered_0060_removal.png,1,removal,00000061.png
tampered_dataset/tampered/tampered_0060_intensity_modification.png,1,intensity_modification,00000061.png
tampered_dataset/tampered/tampered_0060_crop_rescale.png,1,crop_rescale,00000061.png
tampered_dataset/tampered/tampered_0060_copy_move.png,1,copy_move,00000061.png
tampered_dataset/tampered/tampered_0061_insertion.png,1,insertion,00000062.png
tampered_dataset/tampered/tampered_0061_removal.png,1,removal,00000062.png
tampered_dataset/tampered/tampered_0061_intensity_modification.png,1,intensity_modification,00000062.png
tampered_dataset/tampered/tampered_0061_crop_rescale.png,1,crop_rescale,00000062.png
tampered_dataset/tampered/tampered_0061_copy_move.png,1,copy_move,00000062.png
tampered_dataset/tampered/tampered_0062_insertion.png,1,insertion,00000063.png
tampered_dataset/tampered/tampered_0062_removal.png,1,removal,00000063.png
tampered_dataset/tampered/tampered_0062_intensity_modification.png,1,intensity_modification,00000063.png
tampered_dataset/tampered/tampered_0062_crop_rescale.png,1,crop_rescale,00000063.png
tampered_dataset/tampered/tampered_0062_copy_move.png,1,copy_move,00000063.png
tampered_dataset/tampered/tampered_0063_insertion.png,1,insertion,00000064.png
tampered_dataset/tampered/tampered_0063_removal.png,1,removal,00000064.png
tampered_dataset/tampered/tampered_0063_intensity_modification.png,1,intensity_modification,00000064.png
tampered_dataset/tampered/tampered_0063_crop_rescale.png,1,crop_rescale,00000064.png
tampered_dataset/tampered/tampered_0063_copy_move.png,1,copy_move,00000064.png
tampered_dataset/tampered/tampered_0064_insertion.png,1,insertion,00000065.png
tampered_dataset/tampered/tampered_0064_removal.png,1,removal,00000065.png
tampered_dataset/tampered/tampered_0064_intensity_modification.png,1,intensity_modification,00000065.png
tampered_dataset/tampered/tampered_0064_crop_rescale.png,1,crop_rescale,00000065.png
tampered_dataset/tampered/tampered_0064_copy_move.png,1,copy_move,00000065.png
tampered_dataset/tampered/tampered_0065_insertion.png,1,insertion,00000066.png
tampered_dataset/tampered/tampered_0065_removal.png,1,removal,00000066.png
tampered_dataset/tampered/tampered_0065_intensity_modification.png,1,intensity_modification,00000066.png
tampered_dataset/tampered/tampered_0065_crop_rescale.png,1,crop_rescale,00000066.png
tampered_dataset/tampered/tampered_0065_copy_move.png,1,copy_move,00000066.png
tampered_dataset/tampered/tampered_0066_insertion.png,1,insertion,00000067.png
tampered_dataset/tampered/tampered_0066_removal.png,1,removal,00000067.png
tampered_dataset/tampered/tampered_0066_intensity_modification.png,1,intensity_modification,00000067.png
tampered_dataset/tampered/tampered_0066_crop_rescale.png,1,crop_rescale,00000067.png
tampered_dataset/tampered/tampered_0066_copy_move.png,1,copy_move,00000067.png
tampered_dataset/tampered/tampered_0067_insertion.png,1,insertion,00000068.png
tampered_dataset/tampered/tampered_0067_removal.png,1,removal,00000068.png
tampered_dataset/tampered/tampered_0067_intensity_modification.png,1,intensity_modification,00000068.png
tampered_dataset/tampered/tampered_0067_crop_rescale.png,1,crop_rescale,00000068.png
tampered_dataset/tampered/tampered_0067_copy_move.png,1,copy_move,00000068.png
tampered_dataset/tampered/tampered_0068_insertion.png,1,insertion,00000069.png
tampered_dataset/tampered/tampered_0068_removal.png,1,removal,00000069.png
tampered_dataset/tampered/tampered_0068_intensity_modification.png,1,intensity_modification,00000069.png
tampered_dataset/tampered/tampered_0068_crop_rescale.png,1,crop_rescale,00000069.png
tampered_dataset/tampered/tampered_0068_copy_move.png,1,copy_move,00000069.png
tampered_dataset/tampered/tampered_0069_insertion.png,1,insertion,00000070.png
tampered_dataset/tampered/tampered_0069_removal.png,1,removal,00000070.png
tampered_dataset/tampered/tampered_0069_intensity_modification.png,1,intensity_modification,00000070.png
tampered_dataset/tampered/tampered_0069_crop_rescale.png,1,crop_rescale,00000070.png
tampered_dataset/tampered/tampered_0069_copy_move.png,1,copy_move,00000070.png
tampered_dataset/tampered/tampered_0070_insertion.png,1,insertion,00000071.png
tampered_dataset/tampered/tampered_0070_removal.png,1,removal,00000071.png
tampered_dataset/tampered/tampered_0070_intensity_modification.png,1,intensity_modification,00000071.png
tampered_dataset/tampered/tampered_0070_crop_rescale.png,1,crop_rescale,00000071.png
tampered_dataset/tampered/tampered_0070_copy_move.png,1,copy_move,00000071.png
tampered_dataset/tampered/tampered_0071_insertion.png,1,insertion,00000072.png
tampered_dataset/tampered/tampered_0071_removal.png,1,removal,00000072.png
tampered_dataset/tampered/tampered_0071_intensity_modification.png,1,intensity_modification,00000072.png
tampered_dataset/tampered/tampered_0071_crop_rescale.png,1,crop_rescale,00000072.png
tampered_dataset/tampered/tampered_0071_copy_move.png,1,copy_move,00000072.png
tampered_dataset/tampered/tampered_0072_insertion.png,1,insertion,00000073.png
tampered_dataset/tampered/tampered_0072_removal.png,1,removal,00000073.png
tampered_dataset/tampered/tampered_0072_intensity_modification.png,1,intensity_modification,00000073.png
tampered_dataset/tampered/tampered_0072_crop_rescale.png,1,crop_rescale,00000073.png
tampered_dataset/tampered/tampered_0072_copy_move.png,1,copy_move,00000073.png
tampered_dataset/tampered/tampered_0073_insertion.png,1,insertion,00000074.png
tampered_dataset/tampered/tampered_0073_removal.png,1,removal,00000074.png
tampered_dataset/tampered/tampered_0073_intensity_modification.png,1,intensity_modification,00000074.png
tampered_dataset/tampered/tampered_0073_crop_rescale.png,1,crop_rescale,00000074.png
tampered_dataset/tampered/tampered_0073_copy_move.png,1,copy_move,00000074.png
tampered_dataset/tampered/tampered_0074_insertion.png,1,insertion,00000075.png
tampered_dataset/tampered/tampered_0074_removal.png,1,removal,00000075.png
tampered_dataset/tampered/tampered_0074_intensity_modification.png,1,intensity_modification,00000075.png
tampered_dataset/tampered/tampered_0074_crop_rescale.png,1,crop_rescale,00000075.png
tampered_dataset/tampered/tampered_0074_copy_move.png,1,copy_move,00000075.png
tampered_dataset/tampered/tampered_0075_insertion.png,1,insertion,00000076.png
tampered_dataset/tampered/tampered_0075_removal.png,1,removal,00000076.png
tampered_dataset/tampered/tampered_0075_intensity_modification.png,1,intensity_modification,00000076.png
tampered_dataset/tampered/tampered_0075_crop_rescale.png,1,crop_rescale,00000076.png
tampered_dataset/tampered/tampered_0075_copy_move.png,1,copy_move,00000076.png
tampered_dataset/tampered/tampered_0076_insertion.png,1,insertion,00000077.png
tampered_dataset/tampered/tampered_0076_removal.png,1,removal,00000077.png
tampered_dataset/tampered/tampered_0076_intensity_modification.png,1,intensity_modification,00000077.png
tampered_dataset/tampered/tampered_0076_crop_rescale.png,1,crop_rescale,00000077.png
tampered_dataset/tampered/tampered_0076_copy_move.png,1,copy_move,00000077.png
tampered_dataset/tampered/tampered_0077_insertion.png,1,insertion,00000078.png
tampered_dataset/tampered/tampered_0077_removal.png,1,removal,00000078.png
tampered_dataset/tampered/tampered_0077_intensity_modification.png,1,intensity_modification,00000078.png
tampered_dataset/tampered/tampered_0077_crop_rescale.png,1,crop_rescale,00000078.png
tampered_dataset/tampered/tampered_0077_copy_move.png,1,copy_move,00000078.png
tampered_dataset/tampered/tampered_0078_insertion.png,1,insertion,00000079.png
tampered_dataset/tampered/tampered_0078_removal.png,1,removal,00000079.png
tampered_dataset/tampered/tampered_0078_intensity_modification.png,1,intensity_modification,00000079.png
tampered_dataset/tampered/tampered_0078_crop_rescale.png,1,crop_rescale,00000079.png
tampered_dataset/tampered/tampered_0078_copy_move.png,1,copy_move,00000079.png
tampered_dataset/tampered/tampered_0079_insertion.png,1,insertion,00000080.png
tampered_dataset/tampered/tampered_0079_removal.png,1,removal,00000080.png
tampered_dataset/tampered/tampered_0079_intensity_modification.png,1,intensity_modification,00000080.png
tampered_dataset/tampered/tampered_0079_crop_rescale.png,1,crop_rescale,00000080.png
tampered_dataset/tampered/tampered_0079_copy_move.png,1,copy_move,00000080.png
tampered_dataset/tampered/tampered_0080_insertion.png,1,insertion,00000081.png
tampered_dataset/tampered/tampered_0080_removal.png,1,removal,00000081.png
tampered_dataset/tampered/tampered_0080_intensity_modification.png,1,intensity_modification,00000081.png
tampered_dataset/tampered/tampered_0080_crop_rescale.png,1,crop_rescale,00000081.png
tampered_dataset/tampered/tampered_0080_copy_move.png,1,copy_move,00000081.png
tampered_dataset/tampered/tampered_0081_insertion.png,1,insertion,00000082.png
tampered_dataset/tampered/tampered_0081_removal.png,1,removal,00000082.png
tampered_dataset/tampered/tampered_0081_intensity_modification.png,1,intensity_modification,00000082.png
tampered_dataset/tampered/tampered_0081_crop_rescale.png,1,crop_rescale,00000082.png
tampered_dataset/tampered/tampered_0081_copy_move.png,1,copy_move,00000082.png
tampered_dataset/tampered/tampered_0082_insertion.png,1,insertion,00000083.png
tampered_dataset/tampered/tampered_0082_removal.png,1,removal,00000083.png
tampered_dataset/tampered/tampered_0082_intensity_modification.png,1,intensity_modification,00000083.png
tampered_dataset/tampered/tampered_0082_crop_rescale.png,1,crop_rescale,00000083.png
tampered_dataset/tampered/tampered_0082_copy_move.png,1,copy_move,00000083.png
tampered_dataset/tampered/tampered_0083_insertion.png,1,insertion,00000084.png
tampered_dataset/tampered/tampered_0083_removal.png,1,removal,00000084.png
tampered_dataset/tampered/tampered_0083_intensity_modification.png,1,intensity_modification,00000084.png
tampered_dataset/tampered/tampered_0083_crop_rescale.png,1,crop_rescale,00000084.png
tampered_dataset/tampered/tampered_0083_copy_move.png,1,copy_move,00000084.png
tampered_dataset/tampered/tampered_0084_insertion.png,1,insertion,00000085.png
tampered_dataset/tampered/tampered_0084_removal.png,1,removal,00000085.png
tampered_dataset/tampered/tampered_0084_intensity_modification.png,1,intensity_modification,00000085.png
tampered_dataset/tampered/tampered_0084_crop_rescale.png,1,crop_rescale,00000085.png
tampered_dataset/tampered/tampered_0084_copy_move.png,1,copy_move,00000085.png
tampered_dataset/tampered/tampered_0085_insertion.png,1,insertion,00000086.png
tampered_dataset/tampered/tampered_0085_removal.png,1,removal,00000086.png
tampered_dataset/tampered/tampered_0085_intensity_modification.png,1,intensity_modification,00000086.png
tampered_dataset/tampered/tampered_0085_crop_rescale.png,1,crop_rescale,00000086.png
tampered_dataset/tampered/tampered_0085_copy_move.png,1,copy_move,00000086.png
tampered_dataset/tampered/tampered_0086_insertion.png,1,insertion,00000087.png
tampered_dataset/tampered/tampered_0086_removal.png,1,removal,00000087.png
tampered_dataset/tampered/tampered_0086_intensity_modification.png,1,intensity_modification,00000087.png
tampered_dataset/tampered/tampered_0086_crop_rescale.png,1,crop_rescale,00000087.png
tampered_dataset/tampered/tampered_0086_copy_move.png,1,copy_move,00000087.png
tampered_dataset/tampered/tampered_0087_insertion.png,1,insertion,00000088.png
tampered_dataset/tampered/tampered_0087_removal.png,1,removal,00000088.png
tampered_dataset/tampered/tampered_0087_intensity_modification.png,1,intensity_modification,00000088.png
tampered_dataset/tampered/tampered_0087_crop_rescale.png,1,crop_rescale,00000088.png
tampered_dataset/tampered/tampered_0087_copy_move.png,1,copy_move,00000088.png
tampered_dataset/tampered/tampered_0088_insertion.png,1,insertion,00000089.png
tampered_dataset/tampered/tampered_0088_removal.png,1,removal,00000089.png
tampered_dataset/tampered/tampered_0088_intensity_modification.png,1,intensity_modification,00000089.png
tampered_dataset/tampered/tampered_0088_crop_rescale.png,1,crop_rescale,00000089.png
tampered_dataset/tampered/tampered_0088_copy_move.png,1,copy_move,00000089.png
tampered_dataset/tampered/tampered_0089_insertion.png,1,insertion,00000090.png
tampered_dataset/tampered/tampered_0089_removal.png,1,removal,00000090.png
tampered_dataset/tampered/tampered_0089_intensity_modification.png,1,intensity_modification,00000090.png
tampered_dataset/tampered/tampered_0089_crop_rescale.png,1,crop_rescale,00000090.png
tampered_dataset/tampered/tampered_0089_copy_move.png,1,copy_move,00000090.png
tampered_dataset/tampered/tampered_0090_insertion.png,1,insertion,00000091.png
tampered_dataset/tampered/tampered_0090_removal.png,1,removal,00000091.png
tampered_dataset/tampered/tampered_0090_intensity_modification.png,1,intensity_modification,00000091.png
tampered_dataset/tampered/tampered_0090_crop_rescale.png,1,crop_rescale,00000091.png
tampered_dataset/tampered/tampered_0090_copy_move.png,1,copy_move,00000091.png
tampered_dataset/tampered/tampered_0091_insertion.png,1,insertion,00000092.png
tampered_dataset/tampered/tampered_0091_removal.png,1,removal,00000092.png
tampered_dataset/tampered/tampered_0091_intensity_modification.png,1,intensity_modification,00000092.png
tampered_dataset/tampered/tampered_0091_crop_rescale.png,1,crop_rescale,00000092.png
tampered_dataset/tampered/tampered_0091_copy_move.png,1,copy_move,00000092.png
tampered_dataset/tampered/tampered_0092_insertion.png,1,insertion,00000093.png
tampered_dataset/tampered/tampered_0092_removal.png,1,removal,00000093.png
tampered_dataset/tampered/tampered_0092_intensity_modification.png,1,intensity_modification,00000093.png
tampered_dataset/tampered/tampered_0092_crop_rescale.png,1,crop_rescale,00000093.png
tampered_dataset/tampered/tampered_0092_copy_move.png,1,copy_move,00000093.png
tampered_dataset/tampered/tampered_0093_insertion.png,1,insertion,00000094.png
tampered_dataset/tampered/tampered_0093_removal.png,1,removal,00000094.png
tampered_dataset/tampered/tampered_0093_intensity_modification.png,1,intensity_modification,00000094.png
tampered_dataset/tampered/tampered_0093_crop_rescale.png,1,crop_rescale,00000094.png
tampered_dataset/tampered/tampered_0093_copy_move.png,1,copy_move,00000094.png
tampered_dataset/tampered/tampered_0094_insertion.png,1,insertion,00000095.png
tampered_dataset/tampered/tampered_0094_removal.png,1,removal,00000095.png
tampered_dataset/tampered/tampered_0094_intensity_modification.png,1,intensity_modification,00000095.png
tampered_dataset/tampered/tampered_0094_crop_rescale.png,1,crop_rescale,00000095.png
tampered_dataset/tampered/tampered_0094_copy_move.png,1,copy_move,00000095.png
tampered_dataset/tampered/tampered_0095_insertion.png,1,insertion,00000096.png
tampered_dataset/tampered/tampered_0095_removal.png,1,removal,00000096.png
tampered_dataset/tampered/tampered_0095_intensity_modification.png,1,intensity_modification,00000096.png
tampered_dataset/tampered/tampered_0095_crop_rescale.png,1,crop_rescale,00000096.png
tampered_dataset/tampered/tampered_0095_copy_move.png,1,copy_move,00000096.png
tampered_dataset/tampered/tampered_0096_insertion.png,1,insertion,00000097.png
tampered_dataset/tampered/tampered_0096_removal.png,1,removal,00000097.png
tampered_dataset/tampered/tampered_0096_intensity_modification.png,1,intensity_modification,00000097.png
tampered_dataset/tampered/tampered_0096_crop_rescale.png,1,crop_rescale,00000097.png
tampered_dataset/tampered/tampered_0096_copy_move.png,1,copy_move,00000097.png
tampered_dataset/tampered/tampered_0097_insertion.png,1,insertion,00000098.png
tampered_dataset/tampered/tampered_0097_removal.png,1,removal,00000098.png
tampered_dataset/tampered/tampered_0097_intensity_modification.png,1,intensity_modification,00000098.png
tampered_dataset/tampered/tampered_0097_crop_rescale.png,1,crop_rescale,00000098.png
tampered_dataset/tampered/tampered_0097_copy_move.png,1,copy_move,00000098.png
tampered_dataset/tampered/tampered_0098_insertion.png,1,insertion,00000099.png
tampered_dataset/tampered/tampered_0098_removal.png,1,removal,00000099.png
tampered_dataset/tampered/tampered_0098_intensity_modification.png,1,intensity_modification,00000099.png
tampered_dataset/tampered/tampered_0098_crop_rescale.png,1,crop_rescale,00000099.png
tampered_dataset/tampered/tampered_0098_copy_move.png,1,copy_move,00000099.png
tampered_dataset/tampered/tampered_0099_insertion.png,1,insertion,00000100.png
tampered_dataset/tampered/tampered_0099_removal.png,1,removal,00000100.png
tampered_dataset/tampered/tampered_0099_intensity_modification.png,1,intensity_modification,00000100.png
tampered_dataset/tampered/tampered_0099_crop_rescale.png,1,crop_rescale,00000100.png
tampered_dataset/tampered/tampered_0099_copy_move.png,1,copy_move,00000100.png
tampered_dataset/tampered/tampered_0100_insertion.png,1,insertion,00000101.png
tampered_dataset/tampered/tampered_0100_removal.png,1,removal,00000101.png
tampered_dataset/tampered/tampered_0100_intensity_modification.png,1,intensity_modification,00000101.png
tampered_dataset/tampered/tampered_0100_crop_rescale.png,1,crop_rescale,00000101.png
tampered_dataset/tampered/tampered_0100_copy_move.png,1,copy_move,00000101.png
tampered_dataset/tampered/tampered_0101_insertion.png,1,insertion,00000102.png
tampered_dataset/tampered/tampered_0101_removal.png,1,removal,00000102.png
tampered_dataset/tampered/tampered_0101_intensity_modification.png,1,intensity_modification,00000102.png
tampered_dataset/tampered/tampered_0101_crop_rescale.png,1,crop_rescale,00000102.png
tampered_dataset/tampered/tampered_0101_copy_move.png,1,copy_move,00000102.png
tampered_dataset/tampered/tampered_0102_insertion.png,1,insertion,00000103.png
tampered_dataset/tampered/tampered_0102_removal.png,1,removal,00000103.png
tampered_dataset/tampered/tampered_0102_intensity_modification.png,1,intensity_modification,00000103.png
tampered_dataset/tampered/tampered_0102_crop_rescale.png,1,crop_rescale,00000103.png
tampered_dataset/tampered/tampered_0102_copy_move.png,1,copy_move,00000103.png
tampered_dataset/tampered/tampered_0103_insertion.png,1,insertion,00000104.png
tampered_dataset/tampered/tampered_0103_removal.png,1,removal,00000104.png
tampered_dataset/tampered/tampered_0103_intensity_modification.png,1,intensity_modification,00000104.png
tampered_dataset/tampered/tampered_0103_crop_rescale.png,1,crop_rescale,00000104.png
tampered_dataset/tampered/tampered_0103_copy_move.png,1,copy_move,00000104.png
tampered_dataset/tampered/tampered_0104_insertion.png,1,insertion,00000105.png
tampered_dataset/tampered/tampered_0104_removal.png,1,removal,00000105.png
tampered_dataset/tampered/tampered_0104_intensity_modification.png,1,intensity_modification,00000105.png
tampered_dataset/tampered/tampered_0104_crop_rescale.png,1,crop_rescale,00000105.png
tampered_dataset/tampered/tampered_0104_copy_move.png,1,copy_move,00000105.png
tampered_dataset/tampered/tampered_0105_insertion.png,1,insertion,00000106.png
tampered_dataset/tampered/tampered_0105_removal.png,1,removal,00000106.png
tampered_dataset/tampered/tampered_0105_intensity_modification.png,1,intensity_modification,00000106.png
tampered_dataset/tampered/tampered_0105_crop_rescale.png,1,crop_rescale,00000106.png
tampered_dataset/tampered/tampered_0105_copy_move.png,1,copy_move,00000106.png
tampered_dataset/tampered/tampered_0106_insertion.png,1,insertion,00000107.png
tampered_dataset/tampered/tampered_0106_removal.png,1,removal,00000107.png
tampered_dataset/tampered/tampered_0106_intensity_modification.png,1,intensity_modification,00000107.png
tampered_dataset/tampered/tampered_0106_crop_rescale.png,1,crop_rescale,00000107.png
tampered_dataset/tampered/tampered_0106_copy_move.png,1,copy_move,00000107.png
tampered_dataset/tampered/tampered_0107_insertion.png,1,insertion,00000108.png
tampered_dataset/tampered/tampered_0107_removal.png,1,removal,00000108.png
tampered_dataset/tampered/tampered_0107_intensity_modification.png,1,intensity_modification,00000108.png
tampered_dataset/tampered/tampered_0107_crop_rescale.png,1,crop_rescale,00000108.png
tampered_dataset/tampered/tampered_0107_copy_move.png,1,copy_move,00000108.png
tampered_dataset/tampered/tampered_0108_insertion.png,1,insertion,00000109.png
tampered_dataset/tampered/tampered_0108_removal.png,1,removal,00000109.png
tampered_dataset/tampered/tampered_0108_intensity_modification.png,1,intensity_modification,00000109.png
tampered_dataset/tampered/tampered_0108_crop_rescale.png,1,crop_rescale,00000109.png
tampered_dataset/tampered/tampered_0108_copy_move.png,1,copy_move,00000109.png
tampered_dataset/tampered/tampered_0109_insertion.png,1,insertion,00000110.png
tampered_dataset/tampered/tampered_0109_removal.png,1,removal,00000110.png
tampered_dataset/tampered/tampered_0109_intensity_modification.png,1,intensity_modification,00000110.png
tampered_dataset/tampered/tampered_0109_crop_rescale.png,1,crop_rescale,00000110.png
tampered_dataset/tampered/tampered_0109_copy_move.png,1,copy_move,00000110.png
tampered_dataset/tampered/tampered_0110_insertion.png,1,insertion,00000111.png
tampered_dataset/tampered/tampered_0110_removal.png,1,removal,00000111.png
tampered_dataset/tampered/tampered_0110_intensity_modification.png,1,intensity_modification,00000111.png
tampered_dataset/tampered/tampered_0110_crop_rescale.png,1,crop_rescale,00000111.png
tampered_dataset/tampered/tampered_0110_copy_move.png,1,copy_move,00000111.png
tampered_dataset/tampered/tampered_0111_insertion.png,1,insertion,00000112.png
tampered_dataset/tampered/tampered_0111_removal.png,1,removal,00000112.png
tampered_dataset/tampered/tampered_0111_intensity_modification.png,1,intensity_modification,00000112.png
tampered_dataset/tampered/tampered_0111_crop_rescale.png,1,crop_rescale,00000112.png
tampered_dataset/tampered/tampered_0111_copy_move.png,1,copy_move,00000112.png
tampered_dataset/tampered/tampered_0112_insertion.png,1,insertion,00000113.png
tampered_dataset/tampered/tampered_0112_removal.png,1,removal,00000113.png
tampered_dataset/tampered/tampered_0112_intensity_modification.png,1,intensity_modification,00000113.png
tampered_dataset/tampered/tampered_0112_crop_rescale.png,1,crop_rescale,00000113.png
tampered_dataset/tampered/tampered_0112_copy_move.png,1,copy_move,00000113.png
tampered_dataset/tampered/tampered_0113_insertion.png,1,insertion,00000114.png
tampered_dataset/tampered/tampered_0113_removal.png,1,removal,00000114.png
tampered_dataset/tampered/tampered_0113_intensity_modification.png,1,intensity_modification,00000114.png
tampered_dataset/tampered/tampered_0113_crop_rescale.png,1,crop_rescale,00000114.png
tampered_dataset/tampered/tampered_0113_copy_move.png,1,copy_move,00000114.png
tampered_dataset/tampered/tampered_0114_insertion.png,1,insertion,00000115.png
tampered_dataset/tampered/tampered_0114_removal.png,1,removal,00000115.png
tampered_dataset/tampered/tampered_0114_intensity_modification.png,1,intensity_modification,00000115.png
tampered_dataset/tampered/tampered_0114_crop_rescale.png,1,crop_rescale,00000115.png
tampered_dataset/tampered/tampered_0114_copy_move.png,1,copy_move,00000115.png
tampered_dataset/tampered/tampered_0115_insertion.png,1,insertion,00000116.png
tampered_dataset/tampered/tampered_0115_removal.png,1,removal,00000116.png
tampered_dataset/tampered/tampered_0115_intensity_modification.png,1,intensity_modification,00000116.png
tampered_dataset/tampered/tampered_0115_crop_rescale.png,1,crop_rescale,00000116.png
tampered_dataset/tampered/tampered_0115_copy_move.png,1,copy_move,00000116.png
tampered_dataset/tampered/tampered_0116_insertion.png,1,insertion,00000117.png
tampered_dataset/tampered/tampered_0116_removal.png,1,removal,00000117.png
tampered_dataset/tampered/tampered_0116_intensity_modification.png,1,intensity_modification,00000117.png
tampered_dataset/tampered/tampered_0116_crop_rescale.png,1,crop_rescale,00000117.png
tampered_dataset/tampered/tampered_0116_copy_move.png,1,copy_move,00000117.png
tampered_dataset/tampered/tampered_0117_insertion.png,1,insertion,00000118.png
tampered_dataset/tampered/tampered_0117_removal.png,1,removal,00000118.png
tampered_dataset/tampered/tampered_0117_intensity_modification.png,1,intensity_modification,00000118.png
tampered_dataset/tampered/tampered_0117_crop_rescale.png,1,crop_rescale,00000118.png
tampered_dataset/tampered/tampered_0117_copy_move.png,1,copy_move,00000118.png
tampered_dataset/tampered/tampered_0118_insertion.png,1,insertion,00000119.png
tampered_dataset/tampered/tampered_0118_removal.png,1,removal,00000119.png
tampered_dataset/tampered/tampered_0118_intensity_modification.png,1,intensity_modification,00000119.png
tampered_dataset/tampered/tampered_0118_crop_rescale.png,1,crop_rescale,00000119.png
tampered_dataset/tampered/tampered_0118_copy_move.png,1,copy_move,00000119.png
tampered_dataset/tampered/tampered_0119_insertion.png,1,insertion,00000120.png
tampered_dataset/tampered/tampered_0119_removal.png,1,removal,00000120.png
tampered_dataset/tampered/tampered_0119_intensity_modification.png,1,intensity_modification,00000120.png
tampered_dataset/tampered/tampered_0119_crop_rescale.png,1,crop_rescale,00000120.png
tampered_dataset/tampered/tampered_0119_copy_move.png,1,copy_move,00000120.png
tampered_dataset/tampered/tampered_0120_insertion.png,1,insertion,00000121.png
tampered_dataset/tampered/tampered_0120_removal.png,1,removal,00000121.png
tampered_dataset/tampered/tampered_0120_intensity_modification.png,1,intensity_modification,00000121.png
tampered_dataset/tampered/tampered_0120_crop_rescale.png,1,crop_rescale,00000121.png
tampered_dataset/tampered/tampered_0120_copy_move.png,1,copy_move,00000121.png
tampered_dataset/tampered/tampered_0121_insertion.png,1,insertion,00000122.png
tampered_dataset/tampered/tampered_0121_removal.png,1,removal,00000122.png
tampered_dataset/tampered/tampered_0121_intensity_modification.png,1,intensity_modification,00000122.png
tampered_dataset/tampered/tampered_0121_crop_rescale.png,1,crop_rescale,00000122.png
tampered_dataset/tampered/tampered_0121_copy_move.png,1,copy_move,00000122.png
tampered_dataset/tampered/tampered_0122_insertion.png,1,insertion,00000123.png
tampered_dataset/tampered/tampered_0122_removal.png,1,removal,00000123.png
tampered_dataset/tampered/tampered_0122_intensity_modification.png,1,intensity_modification,00000123.png
tampered_dataset/tampered/tampered_0122_crop_rescale.png,1,crop_rescale,00000123.png
tampered_dataset/tampered/tampered_0122_copy_move.png,1,copy_move,00000123.png
tampered_dataset/tampered/tampered_0123_insertion.png,1,insertion,00000124.png
tampered_dataset/tampered/tampered_0123_removal.png,1,removal,00000124.png
tampered_dataset/tampered/tampered_0123_intensity_modification.png,1,intensity_modification,00000124.png
tampered_dataset/tampered/tampered_0123_crop_rescale.png,1,crop_rescale,00000124.png
tampered_dataset/tampered/tampered_0123_copy_move.png,1,copy_move,00000124.png
tampered_dataset/tampered/tampered_0124_insertion.png,1,insertion,00000125.png
tampered_dataset/tampered/tampered_0124_removal.png,1,removal,00000125.png
tampered_dataset/tampered/tampered_0124_intensity_modification.png,1,intensity_modification,00000125.png
tampered_dataset/tampered/tampered_0124_crop_rescale.png,1,crop_rescale,00000125.png
tampered_dataset/tampered/tampered_0124_copy_move.png,1,copy_move,00000125.png
tampered_dataset/tampered/tampered_0125_insertion.png,1,insertion,00000126.png
tampered_dataset/tampered/tampered_0125_removal.png,1,removal,00000126.png
tampered_dataset/tampered/tampered_0125_intensity_modification.png,1,intensity_modification,00000126.png
tampered_dataset/tampered/tampered_0125_crop_rescale.png,1,crop_rescale,00000126.png
tampered_dataset/tampered/tampered_0125_copy_move.png,1,copy_move,00000126.png
tampered_dataset/tampered/tampered_0126_insertion.png,1,insertion,00000127.png
tampered_dataset/tampered/tampered_0126_removal.png,1,removal,00000127.png
tampered_dataset/tampered/tampered_0126_intensity_modification.png,1,intensity_modification,00000127.png
tampered_dataset/tampered/tampered_0126_crop_rescale.png,1,crop_rescale,00000127.png
tampered_dataset/tampered/tampered_0126_copy_move.png,1,copy_move,00000127.png
tampered_dataset/tampered/tampered_0127_insertion.png,1,insertion,00000128.png
tampered_dataset/tampered/tampered_0127_removal.png,1,removal,00000128.png
tampered_dataset/tampered/tampered_0127_intensity_modification.png,1,intensity_modification,00000128.png
tampered_dataset/tampered/tampered_0127_crop_rescale.png,1,crop_rescale,00000128.png
tampered_dataset/tampered/tampered_0127_copy_move.png,1,copy_move,00000128.png
tampered_dataset/tampered/tampered_0128_insertion.png,1,insertion,00000129.png
tampered_dataset/tampered/tampered_0128_removal.png,1,removal,00000129.png
tampered_dataset/tampered/tampered_0128_intensity_modification.png,1,intensity_modification,00000129.png
tampered_dataset/tampered/tampered_0128_crop_rescale.png,1,crop_rescale,00000129.png
tampered_dataset/tampered/tampered_0128_copy_move.png,1,copy_move,00000129.png
tampered_dataset/tampered/tampered_0129_insertion.png,1,insertion,00000130.png
tampered_dataset/tampered/tampered_0129_removal.png,1,removal,00000130.png
tampered_dataset/tampered/tampered_0129_intensity_modification.png,1,intensity_modification,00000130.png
tampered_dataset/tampered/tampered_0129_crop_rescale.png,1,crop_rescale,00000130.png
tampered_dataset/tampered/tampered_0129_copy_move.png,1,copy_move,00000130.png
tampered_dataset/tampered/tampered_0130_insertion.png,1,insertion,00000131.png
tampered_dataset/tampered/tampered_0130_removal.png,1,removal,00000131.png
tampered_dataset/tampered/tampered_0130_intensity_modification.png,1,intensity_modification,00000131.png
tampered_dataset/tampered/tampered_0130_crop_rescale.png,1,crop_rescale,00000131.png
tampered_dataset/tampered/tampered_0130_copy_move.png,1,copy_move,00000131.png
tampered_dataset/tampered/tampered_0131_insertion.png,1,insertion,00000132.png
tampered_dataset/tampered/tampered_0131_removal.png,1,removal,00000132.png
tampered_dataset/tampered/tampered_0131_intensity_modification.png,1,intensity_modification,00000132.png
tampered_dataset/tampered/tampered_0131_crop_rescale.png,1,crop_rescale,00000132.png
tampered_dataset/tampered/tampered_0131_copy_move.png,1,copy_move,00000132.png
tampered_dataset/tampered/tampered_0132_insertion.png,1,insertion,00000133.png
tampered_dataset/tampered/tampered_0132_removal.png,1,removal,00000133.png
tampered_dataset/tampered/tampered_0132_intensity_modification.png,1,intensity_modification,00000133.png
tampered_dataset/tampered/tampered_0132_crop_rescale.png,1,crop_rescale,00000133.png
tampered_dataset/tampered/tampered_0132_copy_move.png,1,copy_move,00000133.png
tampered_dataset/tampered/tampered_0133_insertion.png,1,insertion,00000001.png
tampered_dataset/tampered/tampered_0133_removal.png,1,removal,00000001.png
tampered_dataset/tampered/tampered_0133_intensity_modification.png,1,intensity_modification,00000001.png
tampered_dataset/tampered/tampered_0133_crop_rescale.png,1,crop_rescale,00000001.png
tampered_dataset/tampered/tampered_0133_copy_move.png,1,copy_move,00000001.png
tampered_dataset/tampered/tampered_0134_insertion.png,1,insertion,00000002.png
tampered_dataset/tampered/tampered_0134_removal.png,1,removal,00000002.png
tampered_dataset/tampered/tampered_0134_intensity_modification.png,1,intensity_modification,00000002.png
tampered_dataset/tampered/tampered_0134_crop_rescale.png,1,crop_rescale,00000002.png
tampered_dataset/tampered/tampered_0134_copy_move.png,1,copy_move,00000002.png
tampered_dataset/tampered/tampered_0135_insertion.png,1,insertion,00000003.png
tampered_dataset/tampered/tampered_0135_removal.png,1,removal,00000003.png
tampered_dataset/tampered/tampered_0135_intensity_modification.png,1,intensity_modification,00000003.png
tampered_dataset/tampered/tampered_0135_crop_rescale.png,1,crop_rescale,00000003.png
tampered_dataset/tampered/tampered_0135_copy_move.png,1,copy_move,00000003.png
tampered_dataset/tampered/tampered_0136_insertion.png,1,insertion,00000004.png
tampered_dataset/tampered/tampered_0136_removal.png,1,removal,00000004.png
tampered_dataset/tampered/tampered_0136_intensity_modification.png,1,intensity_modification,00000004.png
tampered_dataset/tampered/tampered_0136_crop_rescale.png,1,crop_rescale,00000004.png
tampered_dataset/tampered/tampered_0136_copy_move.png,1,copy_move,00000004.png
tampered_dataset/tampered/tampered_0137_insertion.png,1,insertion,00000005.png
tampered_dataset/tampered/tampered_0137_removal.png,1,removal,00000005.png
tampered_dataset/tampered/tampered_0137_intensity_modification.png,1,intensity_modification,00000005.png
tampered_dataset/tampered/tampered_0137_crop_rescale.png,1,crop_rescale,00000005.png
tampered_dataset/tampered/tampered_0137_copy_move.png,1,copy_move,00000005.png
tampered_dataset/tampered/tampered_0138_insertion.png,1,insertion,00000006.png
tampered_dataset/tampered/tampered_0138_removal.png,1,removal,00000006.png
tampered_dataset/tampered/tampered_0138_intensity_modification.png,1,intensity_modification,00000006.png
tampered_dataset/tampered/tampered_0138_crop_rescale.png,1,crop_rescale,00000006.png
tampered_dataset/tampered/tampered_0138_copy_move.png,1,copy_move,00000006.png
tampered_dataset/tampered/tampered_0139_insertion.png,1,insertion,00000007.png
tampered_dataset/tampered/tampered_0139_removal.png,1,removal,00000007.png
tampered_dataset/tampered/tampered_0139_intensity_modification.png,1,intensity_modification,00000007.png
tampered_dataset/tampered/tampered_0139_crop_rescale.png,1,crop_rescale,00000007.png
tampered_dataset/tampered/tampered_0139_copy_move.png,1,copy_move,00000007.png
tampered_dataset/tampered/tampered_0140_insertion.png,1,insertion,00000008.png
tampered_dataset/tampered/tampered_0140_removal.png,1,removal,00000008.png
tampered_dataset/tampered/tampered_0140_intensity_modification.png,1,intensity_modification,00000008.png
tampered_dataset/tampered/tampered_0140_crop_rescale.png,1,crop_rescale,00000008.png
tampered_dataset/tampered/tampered_0140_copy_move.png,1,copy_move,00000008.png
tampered_dataset/tampered/tampered_0141_insertion.png,1,insertion,00000009.png
tampered_dataset/tampered/tampered_0141_removal.png,1,removal,00000009.png
tampered_dataset/tampered/tampered_0141_intensity_modification.png,1,intensity_modification,00000009.png
tampered_dataset/tampered/tampered_0141_crop_rescale.png,1,crop_rescale,00000009.png
tampered_dataset/tampered/tampered_0141_copy_move.png,1,copy_move,00000009.png
tampered_dataset/tampered/tampered_0142_insertion.png,1,insertion,00000010.png
tampered_dataset/tampered/tampered_0142_removal.png,1,removal,00000010.png
tampered_dataset/tampered/tampered_0142_intensity_modification.png,1,intensity_modification,00000010.png
tampered_dataset/tampered/tampered_0142_crop_rescale.png,1,crop_rescale,00000010.png
tampered_dataset/tampered/tampered_0142_copy_move.png,1,copy_move,00000010.png
tampered_dataset/tampered/tampered_0143_insertion.png,1,insertion,00000011.png
tampered_dataset/tampered/tampered_0143_removal.png,1,removal,00000011.png
tampered_dataset/tampered/tampered_0143_intensity_modification.png,1,intensity_modification,00000011.png
tampered_dataset/tampered/tampered_0143_crop_rescale.png,1,crop_rescale,00000011.png
tampered_dataset/tampered/tampered_0143_copy_move.png,1,copy_move,00000011.png
tampered_dataset/tampered/tampered_0144_insertion.png,1,insertion,00000012.png
tampered_dataset/tampered/tampered_0144_removal.png,1,removal,00000012.png
tampered_dataset/tampered/tampered_0144_intensity_modification.png,1,intensity_modification,00000012.png
tampered_dataset/tampered/tampered_0144_crop_rescale.png,1,crop_rescale,00000012.png
tampered_dataset/tampered/tampered_0144_copy_move.png,1,copy_move,00000012.png
tampered_dataset/tampered/tampered_0145_insertion.png,1,insertion,00000013.png
tampered_dataset/tampered/tampered_0145_removal.png,1,removal,00000013.png
tampered_dataset/tampered/tampered_0145_intensity_modification.png,1,intensity_modification,00000013.png
tampered_dataset/tampered/tampered_0145_crop_rescale.png,1,crop_rescale,00000013.png
tampered_dataset/tampered/tampered_0145_copy_move.png,1,copy_move,00000013.png
tampered_dataset/tampered/tampered_0146_insertion.png,1,insertion,00000014.png
tampered_dataset/tampered/tampered_0146_removal.png,1,removal,00000014.png
tampered_dataset/tampered/tampered_0146_intensity_modification.png,1,intensity_modification,00000014.png
tampered_dataset/tampered/tampered_0146_crop_rescale.png,1,crop_rescale,00000014.png
tampered_dataset/tampered/tampered_0146_copy_move.png,1,copy_move,00000014.png
tampered_dataset/tampered/tampered_0147_insertion.png,1,insertion,00000015.png
tampered_dataset/tampered/tampered_0147_removal.png,1,removal,00000015.png
tampered_dataset/tampered/tampered_0147_intensity_modification.png,1,intensity_modification,00000015.png
tampered_dataset/tampered/tampered_0147_crop_rescale.png,1,crop_rescale,00000015.png
tampered_dataset/tampered/tampered_0147_copy_move.png,1,copy_move,00000015.png
tampered_dataset/tampered/tampered_0148_insertion.png,1,insertion,00000016.png
tampered_dataset/tampered/tampered_0148_removal.png,1,removal,00000016.png
tampered_dataset/tampered/tampered_0148_intensity_modification.png,1,intensity_modification,00000016.png
tampered_dataset/tampered/tampered_0148_crop_rescale.png,1,crop_rescale,00000016.png
tampered_dataset/tampered/tampered_0148_copy_move.png,1,copy_move,00000016.png
tampered_dataset/tampered/tampered_0149_insertion.png,1,insertion,00000017.png
tampered_dataset/tampered/tampered_0149_removal.png,1,removal,00000017.png
tampered_dataset/tampered/tampered_0149_intensity_modification.png,1,intensity_modification,00000017.png
tampered_dataset/tampered/tampered_0149_crop_rescale.png,1,crop_rescale,00000017.png
tampered_dataset/tampered/tampered_0149_copy_move.png,1,copy_move,00000017.png
tampered_dataset/tampered/tampered_0150_insertion.png,1,insertion,00000018.png
tampered_dataset/tampered/tampered_0150_removal.png,1,removal,00000018.png
tampered_dataset/tampered/tampered_0150_intensity_modification.png,1,intensity_modification,00000018.png
tampered_dataset/tampered/tampered_0150_crop_rescale.png,1,crop_rescale,00000018.png
tampered_dataset/tampered/tampered_0150_copy_move.png,1,copy_move,00000018.png
tampered_dataset/tampered/tampered_0151_insertion.png,1,insertion,00000019.png
tampered_dataset/tampered/tampered_0151_removal.png,1,removal,00000019.png
tampered_dataset/tampered/tampered_0151_intensity_modification.png,1,intensity_modification,00000019.png
tampered_dataset/tampered/tampered_0151_crop_rescale.png,1,crop_rescale,00000019.png
tampered_dataset/tampered/tampered_0151_copy_move.png,1,copy_move,00000019.png
tampered_dataset/tampered/tampered_0152_insertion.png,1,insertion,00000020.png
tampered_dataset/tampered/tampered_0152_removal.png,1,removal,00000020.png
tampered_dataset/tampered/tampered_0152_intensity_modification.png,1,intensity_modification,00000020.png
tampered_dataset/tampered/tampered_0152_crop_rescale.png,1,crop_rescale,00000020.png
tampered_dataset/tampered/tampered_0152_copy_move.png,1,copy_move,00000020.png
tampered_dataset/tampered/tampered_0153_insertion.png,1,insertion,00000021.png
tampered_dataset/tampered/tampered_0153_removal.png,1,removal,00000021.png
tampered_dataset/tampered/tampered_0153_intensity_modification.png,1,intensity_modification,00000021.png
tampered_dataset/tampered/tampered_0153_crop_rescale.png,1,crop_rescale,00000021.png
tampered_dataset/tampered/tampered_0153_copy_move.png,1,copy_move,00000021.png
tampered_dataset/tampered/tampered_0154_insertion.png,1,insertion,00000022.png
tampered_dataset/tampered/tampered_0154_removal.png,1,removal,00000022.png
tampered_dataset/tampered/tampered_0154_intensity_modification.png,1,intensity_modification,00000022.png
tampered_dataset/tampered/tampered_0154_crop_rescale.png,1,crop_rescale,00000022.png
tampered_dataset/tampered/tampered_0154_copy_move.png,1,copy_move,00000022.png
tampered_dataset/tampered/tampered_0155_insertion.png,1,insertion,00000023.png
tampered_dataset/tampered/tampered_0155_removal.png,1,removal,00000023.png
tampered_dataset/tampered/tampered_0155_intensity_modification.png,1,intensity_modification,00000023.png
tampered_dataset/tampered/tampered_0155_crop_rescale.png,1,crop_rescale,00000023.png
tampered_dataset/tampered/tampered_0155_copy_move.png,1,copy_move,00000023.png
tampered_dataset/tampered/tampered_0156_insertion.png,1,insertion,00000024.png
tampered_dataset/tampered/tampered_0156_removal.png,1,removal,00000024.png
tampered_dataset/tampered/tampered_0156_intensity_modification.png,1,intensity_modification,00000024.png
tampered_dataset/tampered/tampered_0156_crop_rescale.png,1,crop_rescale,00000024.png
tampered_dataset/tampered/tampered_0156_copy_move.png,1,copy_move,00000024.png
tampered_dataset/tampered/tampered_0157_insertion.png,1,insertion,00000025.png
tampered_dataset/tampered/tampered_0157_removal.png,1,removal,00000025.png
tampered_dataset/tampered/tampered_0157_intensity_modification.png,1,intensity_modification,00000025.png
tampered_dataset/tampered/tampered_0157_crop_rescale.png,1,crop_rescale,00000025.png
tampered_dataset/tampered/tampered_0157_copy_move.png,1,copy_move,00000025.png
tampered_dataset/tampered/tampered_0158_insertion.png,1,insertion,00000026.png
tampered_dataset/tampered/tampered_0158_removal.png,1,removal,00000026.png
tampered_dataset/tampered/tampered_0158_intensity_modification.png,1,intensity_modification,00000026.png
tampered_dataset/tampered/tampered_0158_crop_rescale.png,1,crop_rescale,00000026.png
tampered_dataset/tampered/tampered_0158_copy_move.png,1,copy_move,00000026.png
tampered_dataset/tampered/tampered_0159_insertion.png,1,insertion,00000027.png
tampered_dataset/tampered/tampered_0159_removal.png,1,removal,00000027.png
tampered_dataset/tampered/tampered_0159_intensity_modification.png,1,intensity_modification,00000027.png
tampered_dataset/tampered/tampered_0159_crop_rescale.png,1,crop_rescale,00000027.png
tampered_dataset/tampered/tampered_0159_copy_move.png,1,copy_move,00000027.png
tampered_dataset/tampered/tampered_0160_insertion.png,1,insertion,00000028.png
tampered_dataset/tampered/tampered_0160_removal.png,1,removal,00000028.png
tampered_dataset/tampered/tampered_0160_intensity_modification.png,1,intensity_modification,00000028.png
tampered_dataset/tampered/tampered_0160_crop_rescale.png,1,crop_rescale,00000028.png
tampered_dataset/tampered/tampered_0160_copy_move.png,1,copy_move,00000028.png
tampered_dataset/tampered/tampered_0161_insertion.png,1,insertion,00000029.png
tampered_dataset/tampered/tampered_0161_removal.png,1,removal,00000029.png
tampered_dataset/tampered/tampered_0161_intensity_modification.png,1,intensity_modification,00000029.png
tampered_dataset/tampered/tampered_0161_crop_rescale.png,1,crop_rescale,00000029.png
tampered_dataset/tampered/tampered_0161_copy_move.png,1,copy_move,00000029.png
tampered_dataset/tampered/tampered_0162_insertion.png,1,insertion,00000030.png
tampered_dataset/tampered/tampered_0162_removal.png,1,removal,00000030.png
tampered_dataset/tampered/tampered_0162_intensity_modification.png,1,intensity_modification,00000030.png
tampered_dataset/tampered/tampered_0162_crop_rescale.png,1,crop_rescale,00000030.png
tampered_dataset/tampered/tampered_0162_copy_move.png,1,copy_move,00000030.png
tampered_dataset/tampered/tampered_0163_insertion.png,1,insertion,00000031.png
tampered_dataset/tampered/tampered_0163_removal.png,1,removal,00000031.png
tampered_dataset/tampered/tampered_0163_intensity_modification.png,1,intensity_modification,00000031.png
tampered_dataset/tampered/tampered_0163_crop_rescale.png,1,crop_rescale,00000031.png
tampered_dataset/tampered/tampered_0163_copy_move.png,1,copy_move,00000031.png
tampered_dataset/tampered/tampered_0164_insertion.png,1,insertion,00000032.png
tampered_dataset/tampered/tampered_0164_removal.png,1,removal,00000032.png
tampered_dataset/tampered/tampered_0164_intensity_modification.png,1,intensity_modification,00000032.png
tampered_dataset/tampered/tampered_0164_crop_rescale.png,1,crop_rescale,00000032.png
tampered_dataset/tampered/tampered_0164_copy_move.png,1,copy_move,00000032.png
tampered_dataset/tampered/tampered_0165_insertion.png,1,insertion,00000033.png
tampered_dataset/tampered/tampered_0165_removal.png,1,removal,00000033.png
tampered_dataset/tampered/tampered_0165_intensity_modification.png,1,intensity_modification,00000033.png
tampered_dataset/tampered/tampered_0165_crop_rescale.png,1,crop_rescale,00000033.png
tampered_dataset/tampered/tampered_0165_copy_move.png,1,copy_move,00000033.png
tampered_dataset/tampered/tampered_0166_insertion.png,1,insertion,00000034.png
tampered_dataset/tampered/tampered_0166_removal.png,1,removal,00000034.png
tampered_dataset/tampered/tampered_0166_intensity_modification.png,1,intensity_modification,00000034.png
tampered_dataset/tampered/tampered_0166_crop_rescale.png,1,crop_rescale,00000034.png
tampered_dataset/tampered/tampered_0166_copy_move.png,1,copy_move,00000034.png
tampered_dataset/tampered/tampered_0167_insertion.png,1,insertion,00000035.png
tampered_dataset/tampered/tampered_0167_removal.png,1,removal,00000035.png
tampered_dataset/tampered/tampered_0167_intensity_modification.png,1,intensity_modification,00000035.png
tampered_dataset/tampered/tampered_0167_crop_rescale.png,1,crop_rescale,00000035.png
tampered_dataset/tampered/tampered_0167_copy_move.png,1,copy_move,00000035.png
tampered_dataset/tampered/tampered_0168_insertion.png,1,insertion,00000036.png
tampered_dataset/tampered/tampered_0168_removal.png,1,removal,00000036.png
tampered_dataset/tampered/tampered_0168_intensity_modification.png,1,intensity_modification,00000036.png
tampered_dataset/tampered/tampered_0168_crop_rescale.png,1,crop_rescale,00000036.png
tampered_dataset/tampered/tampered_0168_copy_move.png,1,copy_move,00000036.png
tampered_dataset/tampered/tampered_0169_insertion.png,1,insertion,00000037.png
tampered_dataset/tampered/tampered_0169_removal.png,1,removal,00000037.png
tampered_dataset/tampered/tampered_0169_intensity_modification.png,1,intensity_modification,00000037.png
tampered_dataset/tampered/tampered_0169_crop_rescale.png,1,crop_rescale,00000037.png
tampered_dataset/tampered/tampered_0169_copy_move.png,1,copy_move,00000037.png
tampered_dataset/tampered/tampered_0170_insertion.png,1,insertion,00000038.png
tampered_dataset/tampered/tampered_0170_removal.png,1,removal,00000038.png
tampered_dataset/tampered/tampered_0170_intensity_modification.png,1,intensity_modification,00000038.png
tampered_dataset/tampered/tampered_0170_crop_rescale.png,1,crop_rescale,00000038.png
tampered_dataset/tampered/tampered_0170_copy_move.png,1,copy_move,00000038.png
tampered_dataset/tampered/tampered_0171_insertion.png,1,insertion,00000039.png
tampered_dataset/tampered/tampered_0171_removal.png,1,removal,00000039.png
tampered_dataset/tampered/tampered_0171_intensity_modification.png,1,intensity_modification,00000039.png
tampered_dataset/tampered/tampered_0171_crop_rescale.png,1,crop_rescale,00000039.png
tampered_dataset/tampered/tampered_0171_copy_move.png,1,copy_move,00000039.png
tampered_dataset/tampered/tampered_0172_insertion.png,1,insertion,00000040.png
tampered_dataset/tampered/tampered_0172_removal.png,1,removal,00000040.png
tampered_dataset/tampered/tampered_0172_intensity_modification.png,1,intensity_modification,00000040.png
tampered_dataset/tampered/tampered_0172_crop_rescale.png,1,crop_rescale,00000040.png
tampered_dataset/tampered/tampered_0172_copy_move.png,1,copy_move,00000040.png
tampered_dataset/tampered/tampered_0173_insertion.png,1,insertion,00000041.png
tampered_dataset/tampered/tampered_0173_removal.png,1,removal,00000041.png
tampered_dataset/tampered/tampered_0173_intensity_modification.png,1,intensity_modification,00000041.png
tampered_dataset/tampered/tampered_0173_crop_rescale.png,1,crop_rescale,00000041.png
tampered_dataset/tampered/tampered_0173_copy_move.png,1,copy_move,00000041.png
tampered_dataset/tampered/tampered_0174_insertion.png,1,insertion,00000042.png
tampered_dataset/tampered/tampered_0174_removal.png,1,removal,00000042.png
tampered_dataset/tampered/tampered_0174_intensity_modification.png,1,intensity_modification,00000042.png
tampered_dataset/tampered/tampered_0174_crop_rescale.png,1,crop_rescale,00000042.png
tampered_dataset/tampered/tampered_0174_copy_move.png,1,copy_move,00000042.png
tampered_dataset/tampered/tampered_0175_insertion.png,1,insertion,00000043.png
tampered_dataset/tampered/tampered_0175_removal.png,1,removal,00000043.png
tampered_dataset/tampered/tampered_0175_intensity_modification.png,1,intensity_modification,00000043.png
tampered_dataset/tampered/tampered_0175_crop_rescale.png,1,crop_rescale,00000043.png
tampered_dataset/tampered/tampered_0175_copy_move.png,1,copy_move,00000043.png
tampered_dataset/tampered/tampered_0176_insertion.png,1,insertion,00000044.png
tampered_dataset/tampered/tampered_0176_removal.png,1,removal,00000044.png
tampered_dataset/tampered/tampered_0176_intensity_modification.png,1,intensity_modification,00000044.png
tampered_dataset/tampered/tampered_0176_crop_rescale.png,1,crop_rescale,00000044.png
tampered_dataset/tampered/tampered_0176_copy_move.png,1,copy_move,00000044.png
tampered_dataset/tampered/tampered_0177_insertion.png,1,insertion,00000045.png
tampered_dataset/tampered/tampered_0177_removal.png,1,removal,00000045.png
tampered_dataset/tampered/tampered_0177_intensity_modification.png,1,intensity_modification,00000045.png
tampered_dataset/tampered/tampered_0177_crop_rescale.png,1,crop_rescale,00000045.png
tampered_dataset/tampered/tampered_0177_copy_move.png,1,copy_move,00000045.png
tampered_dataset/tampered/tampered_0178_insertion.png,1,insertion,00000046.png
tampered_dataset/tampered/tampered_0178_removal.png,1,removal,00000046.png
tampered_dataset/tampered/tampered_0178_intensity_modification.png,1,intensity_modification,00000046.png
tampered_dataset/tampered/tampered_0178_crop_rescale.png,1,crop_rescale,00000046.png
tampered_dataset/tampered/tampered_0178_copy_move.png,1,copy_move,00000046.png
tampered_dataset/tampered/tampered_0179_insertion.png,1,insertion,00000047.png
tampered_dataset/tampered/tampered_0179_removal.png,1,removal,00000047.png
tampered_dataset/tampered/tampered_0179_intensity_modification.png,1,intensity_modification,00000047.png
tampered_dataset/tampered/tampered_0179_crop_rescale.png,1,crop_rescale,00000047.png
tampered_dataset/tampered/tampered_0179_copy_move.png,1,copy_move,00000047.png
tampered_dataset/tampered/tampered_0180_insertion.png,1,insertion,00000048.png
tampered_dataset/tampered/tampered_0180_removal.png,1,removal,00000048.png
tampered_dataset/tampered/tampered_0180_intensity_modification.png,1,intensity_modification,00000048.png
tampered_dataset/tampered/tampered_0180_crop_rescale.png,1,crop_rescale,00000048.png
tampered_dataset/tampered/tampered_0180_copy_move.png,1,copy_move,00000048.png
tampered_dataset/tampered/tampered_0181_insertion.png,1,insertion,00000049.png
tampered_dataset/tampered/tampered_0181_removal.png,1,removal,00000049.png
tampered_dataset/tampered/tampered_0181_intensity_modification.png,1,intensity_modification,00000049.png
tampered_dataset/tampered/tampered_0181_crop_rescale.png,1,crop_rescale,00000049.png
tampered_dataset/tampered/tampered_0181_copy_move.png,1,copy_move,00000049.png
tampered_dataset/tampered/tampered_0182_insertion.png,1,insertion,00000050.png
tampered_dataset/tampered/tampered_0182_removal.png,1,removal,00000050.png
tampered_dataset/tampered/tampered_0182_intensity_modification.png,1,intensity_modification,00000050.png
tampered_dataset/tampered/tampered_0182_crop_rescale.png,1,crop_rescale,00000050.png
tampered_dataset/tampered/tampered_0182_copy_move.png,1,copy_move,00000050.png
tampered_dataset/tampered/tampered_0183_insertion.png,1,insertion,00000051.png
tampered_dataset/tampered/tampered_0183_removal.png,1,removal,00000051.png
tampered_dataset/tampered/tampered_0183_intensity_modification.png,1,intensity_modification,00000051.png
tampered_dataset/tampered/tampered_0183_crop_rescale.png,1,crop_rescale,00000051.png
tampered_dataset/tampered/tampered_0183_copy_move.png,1,copy_move,00000051.png
tampered_dataset/tampered/tampered_0184_insertion.png,1,insertion,00000052.png
tampered_dataset/tampered/tampered_0184_removal.png,1,removal,00000052.png
tampered_dataset/tampered/tampered_0184_intensity_modification.png,1,intensity_modification,00000052.png
tampered_dataset/tampered/tampered_0184_crop_rescale.png,1,crop_rescale,00000052.png
tampered_dataset/tampered/tampered_0184_copy_move.png,1,copy_move,00000052.png
tampered_dataset/tampered/tampered_0185_insertion.png,1,insertion,00000053.png
tampered_dataset/tampered/tampered_0185_removal.png,1,removal,00000053.png
tampered_dataset/tampered/tampered_0185_intensity_modification.png,1,intensity_modification,00000053.png
tampered_dataset/tampered/tampered_0185_crop_rescale.png,1,crop_rescale,00000053.png
tampered_dataset/tampered/tampered_0185_copy_move.png,1,copy_move,00000053.png
tampered_dataset/tampered/tampered_0186_insertion.png,1,insertion,00000054.png
tampered_dataset/tampered/tampered_0186_removal.png,1,removal,00000054.png
tampered_dataset/tampered/tampered_0186_intensity_modification.png,1,intensity_modification,00000054.png
tampered_dataset/tampered/tampered_0186_crop_rescale.png,1,crop_rescale,00000054.png
tampered_dataset/tampered/tampered_0186_copy_move.png,1,copy_move,00000054.png
tampered_dataset/tampered/tampered_0187_insertion.png,1,insertion,00000055.png
tampered_dataset/tampered/tampered_0187_removal.png,1,removal,00000055.png
tampered_dataset/tampered/tampered_0187_intensity_modification.png,1,intensity_modification,00000055.png
tampered_dataset/tampered/tampered_0187_crop_rescale.png,1,crop_rescale,00000055.png
tampered_dataset/tampered/tampered_0187_copy_move.png,1,copy_move,00000055.png
tampered_dataset/tampered/tampered_0188_insertion.png,1,insertion,00000056.png
tampered_dataset/tampered/tampered_0188_removal.png,1,removal,00000056.png
tampered_dataset/tampered/tampered_0188_intensity_modification.png,1,intensity_modification,00000056.png
tampered_dataset/tampered/tampered_0188_crop_rescale.png,1,crop_rescale,00000056.png
tampered_dataset/tampered/tampered_0188_copy_move.png,1,copy_move,00000056.png
tampered_dataset/tampered/tampered_0189_insertion.png,1,insertion,00000057.png
tampered_dataset/tampered/tampered_0189_removal.png,1,removal,00000057.png
tampered_dataset/tampered/tampered_0189_intensity_modification.png,1,intensity_modification,00000057.png
tampered_dataset/tampered/tampered_0189_crop_rescale.png,1,crop_rescale,00000057.png
tampered_dataset/tampered/tampered_0189_copy_move.png,1,copy_move,00000057.png
tampered_dataset/tampered/tampered_0190_insertion.png,1,insertion,00000058.png
tampered_dataset/tampered/tampered_0190_removal.png,1,removal,00000058.png
tampered_dataset/tampered/tampered_0190_intensity_modification.png,1,intensity_modification,00000058.png
tampered_dataset/tampered/tampered_0190_crop_rescale.png,1,crop_rescale,00000058.png
tampered_dataset/tampered/tampered_0190_copy_move.png,1,copy_move,00000058.png
tampered_dataset/tampered/tampered_0191_insertion.png,1,insertion,00000059.png
tampered_dataset/tampered/tampered_0191_removal.png,1,removal,00000059.png
tampered_dataset/tampered/tampered_0191_intensity_modification.png,1,intensity_modification,00000059.png
tampered_dataset/tampered/tampered_0191_crop_rescale.png,1,crop_rescale,00000059.png
tampered_dataset/tampered/tampered_0191_copy_move.png,1,copy_move,00000059.png
tampered_dataset/tampered/tampered_0192_insertion.png,1,insertion,00000060.png
tampered_dataset/tampered/tampered_0192_removal.png,1,removal,00000060.png
tampered_dataset/tampered/tampered_0192_intensity_modification.png,1,intensity_modification,00000060.png
tampered_dataset/tampered/tampered_0192_crop_rescale.png,1,crop_rescale,00000060.png
tampered_dataset/tampered/tampered_0192_copy_move.png,1,copy_move,00000060.png
tampered_dataset/tampered/tampered_0193_insertion.png,1,insertion,00000061.png
tampered_dataset/tampered/tampered_0193_removal.png,1,removal,00000061.png
tampered_dataset/tampered/tampered_0193_intensity_modification.png,1,intensity_modification,00000061.png
tampered_dataset/tampered/tampered_0193_crop_rescale.png,1,crop_rescale,00000061.png
tampered_dataset/tampered/tampered_0193_copy_move.png,1,copy_move,00000061.png
tampered_dataset/tampered/tampered_0194_insertion.png,1,insertion,00000062.png
tampered_dataset/tampered/tampered_0194_removal.png,1,removal,00000062.png
tampered_dataset/tampered/tampered_0194_intensity_modification.png,1,intensity_modification,00000062.png
tampered_dataset/tampered/tampered_0194_crop_rescale.png,1,crop_rescale,00000062.png
tampered_dataset/tampered/tampered_0194_copy_move.png,1,copy_move,00000062.png
tampered_dataset/tampered/tampered_0195_insertion.png,1,insertion,00000063.png
tampered_dataset/tampered/tampered_0195_removal.png,1,removal,00000063.png
tampered_dataset/tampered/tampered_0195_intensity_modification.png,1,intensity_modification,00000063.png
tampered_dataset/tampered/tampered_0195_crop_rescale.png,1,crop_rescale,00000063.png
tampered_dataset/tampered/tampered_0195_copy_move.png,1,copy_move,00000063.png
tampered_dataset/tampered/tampered_0196_insertion.png,1,insertion,00000064.png
tampered_dataset/tampered/tampered_0196_removal.png,1,removal,00000064.png
tampered_dataset/tampered/tampered_0196_intensity_modification.png,1,intensity_modification,00000064.png
tampered_dataset/tampered/tampered_0196_crop_rescale.png,1,crop_rescale,00000064.png
tampered_dataset/tampered/tampered_0196_copy_move.png,1,copy_move,00000064.png
tampered_dataset/tampered/tampered_0197_insertion.png,1,insertion,00000065.png
tampered_dataset/tampered/tampered_0197_removal.png,1,removal,00000065.png
tampered_dataset/tampered/tampered_0197_intensity_modification.png,1,intensity_modification,00000065.png
tampered_dataset/tampered/tampered_0197_crop_rescale.png,1,crop_rescale,00000065.png
tampered_dataset/tampered/tampered_0197_copy_move.png,1,copy_move,00000065.png
tampered_dataset/tampered/tampered_0198_insertion.png,1,insertion,00000066.png
tampered_dataset/tampered/tampered_0198_removal.png,1,removal,00000066.png
tampered_dataset/tampered/tampered_0198_intensity_modification.png,1,intensity_modification,00000066.png
tampered_dataset/tampered/tampered_0198_crop_rescale.png,1,crop_rescale,00000066.png
tampered_dataset/tampered/tampered_0198_copy_move.png,1,copy_move,00000066.png
tampered_dataset/tampered/tampered_0199_insertion.png,1,insertion,00000067.png
tampered_dataset/tampered/tampered_0199_removal.png,1,removal,00000067.png
tampered_dataset/tampered/tampered_0199_intensity_modification.png,1,intensity_modification,00000067.png
tampered_dataset/tampered/tampered_0199_crop_rescale.png,1,crop_rescale,00000067.png
tampered_dataset/tampered/tampered_0199_copy_move.png,1,copy_move,00000067.png
